# Id,Category
30001,2
30002,3
30003,8
30004,3
30005,1
30006,8
30007,0
30008,5
30009,8
30010,7
30011,2
30012,7
30013,5
30014,2
30015,8
30016,0
30017,9
30018,6
30019,9
30020,0
30021,6
30022,7
30023,8
30024,3
30025,0
30026,9
30027,3
30028,8
30029,0
30030,1
30031,6
30032,1
30033,8
30034,5
30035,5
30036,7
30037,5
30038,4
30039,4
30040,2
30041,0
30042,4
30043,9
30044,0
30045,9
30046,4
30047,0
30048,5
30049,6
30050,7
30051,2
30052,8
30053,5
30054,6
30055,5
30056,4
30057,1
30058,9
30059,1
30060,2
30061,4
30062,5
30063,0
30064,0
30065,6
30066,8
30067,4
30068,5
30069,0
30070,9
30071,0
30072,2
30073,5
30074,7
30075,5
30076,2
30077,9
30078,7
30079,1
30080,9
30081,7
30082,8
30083,9
30084,3
30085,6
30086,3
30087,7
30088,4
30089,9
30090,8
30091,4
30092,7
30093,4
30094,8
30095,9
30096,4
30097,9
30098,1
30099,1
30100,4
30101,3
30102,9
30103,4
30104,7
30105,7
30106,0
30107,6
30108,8
30109,4
30110,8
30111,7
30112,0
30113,8
30114,9
30115,7
30116,2
30117,6
30118,2
30119,1
30120,9
30121,6
30122,5
30123,5
30124,2
30125,7
30126,8
30127,8
30128,7
30129,4
30130,9
30131,6
30132,2
30133,6
30134,9
30135,9
30136,1
30137,0
30138,6
30139,9
30140,8
30141,4
30142,9
30143,1
30144,9
30145,6
30146,0
30147,3
30148,3
30149,8
30150,8
30151,8
30152,1
30153,4
30154,4
30155,6
30156,3
30157,8
30158,1
30159,4
30160,8
30161,6
30162,0
30163,1
30164,7
30165,3
30166,9
30167,4
30168,7
30169,1
30170,3
30171,0
30172,8
30173,4
30174,0
30175,3
30176,9
30177,2
30178,8
30179,1
30180,0
30181,1
30182,6
30183,3
30184,3
30185,2
30186,9
30187,7
30188,4
30189,9
30190,8
30191,5
30192,7
30193,7
30194,6
30195,9
30196,9
30197,5
30198,1
30199,4
30200,4
30201,0
30202,8
30203,8
30204,8
30205,1
30206,4
30207,1
30208,1
30209,1
30210,9
30211,3
30212,2
30213,1
30214,3
30215,1
30216,0
30217,1
30218,7
30219,1
30220,6
30221,3
30222,3
30223,2
30224,6
30225,1
30226,6
30227,1
30228,6
30229,8
30230,1
30231,1
30232,9
30233,8
30234,3
30235,1
30236,8
30237,7
30238,9
30239,7
30240,8
30241,6
30242,0
30243,8
30244,5
30245,7
30246,1
30247,0
30248,6
30249,8
30250,3
30251,4
30252,5
30253,2
30254,0
30255,8
30256,4
30257,8
30258,3
30259,6
30260,7
30261,2
30262,2
30263,8
30264,1
30265,6
30266,4
30267,0
30268,3
30269,4
30270,1
30271,4
30272,1
30273,1
30274,4
30275,2
30276,0
30277,8
30278,2
30279,4
30280,8
30281,8
30282,2
30283,0
30284,7
30285,1
30286,9
30287,4
30288,8
30289,7
30290,2
30291,9
30292,4
30293,4
30294,1
30295,7
30296,3
30297,3
30298,1
30299,3
30300,2
30301,0
30302,2
30303,7
30304,6
30305,2
30306,9
30307,3
30308,7
30309,2
30310,4
30311,6
30312,8
30313,8
30314,1
30315,6
30316,3
30317,1
30318,0
30319,9
30320,5
30321,3
30322,4
30323,6
30324,3
30325,0
30326,1
30327,0
30328,1
30329,9
30330,7
30331,1
30332,7
30333,2
30334,6
30335,7
30336,1
30337,1
30338,1
30339,2
30340,5
30341,2
30342,7
30343,6
30344,2
30345,2
30346,6
30347,1
30348,7
30349,5
30350,2
30351,4
30352,1
30353,8
30354,1
30355,0
30356,1
30357,3
30358,6
30359,3
30360,2
30361,3
30362,0
30363,9
30364,1
30365,7
30366,3
30367,0
30368,1
30369,6
30370,1
30371,5
30372,0
30373,4
30374,4
30375,7
30376,4
30377,9
30378,1
30379,4
30380,9
30381,3
30382,5
30383,1
30384,0
30385,4
30386,4
30387,0
30388,6
30389,7
30390,2
30391,3
30392,8
30393,6
30394,2
30395,2
30396,8
30397,3
30398,3
30399,8
30400,9
30401,4
30402,9
30403,4
30404,1
30405,9
30406,9
30407,1
30408,9
30409,8
30410,6
30411,5
30412,5
30413,6
30414,8
30415,4
30416,2
30417,4
30418,6
30419,3
30420,4
30421,3
30422,9
30423,6
30424,2
30425,4
30426,7
30427,2
30428,8
30429,4
30430,7
30431,5
30432,8
30433,3
30434,4
30435,3
30436,4
30437,1
30438,5
30439,1
30440,0
30441,6
30442,4
30443,1
30444,8
30445,5
30446,6
30447,8
30448,8
30449,3
30450,2
30451,3
30452,4
30453,5
30454,5
30455,0
30456,4
30457,1
30458,0
30459,4
30460,3
30461,5
30462,7
30463,1
30464,4
30465,1
30466,4
30467,3
30468,0
30469,7
30470,1
30471,0
30472,7
30473,6
30474,5
30475,2
30476,8
30477,9
30478,5
30479,5
30480,3
30481,1
30482,3
30483,9
30484,7
30485,3
30486,4
30487,7
30488,6
30489,9
30490,8
30491,1
30492,3
30493,8
30494,4
30495,3
30496,2
30497,3
30498,5
30499,3
30500,1
30501,3
30502,9
30503,9
30504,0
30505,1
30506,5
30507,9
30508,5
30509,3
30510,0
30511,2
30512,8
30513,0
30514,5
30515,8
30516,6
30517,2
30518,4
30519,4
30520,2
30521,7
30522,2
30523,8
30524,5
30525,3
30526,6
30527,7
30528,0
30529,5
30530,1
30531,2
30532,1
30533,1
30534,4
30535,9
30536,1
30537,7
30538,2
30539,5
30540,9
30541,7
30542,3
30543,0
30544,4
30545,1
30546,4
30547,4
30548,5
30549,2
30550,0
30551,5
30552,1
30553,9
30554,3
30555,6
30556,1
30557,1
30558,0
30559,9
30560,2
30561,5
30562,3
30563,2
30564,5
30565,7
30566,3
30567,0
30568,5
30569,3
30570,6
30571,8
30572,7
30573,5
30574,4
30575,7
30576,5
30577,9
30578,9
30579,9
30580,2
30581,0
30582,2
30583,8
30584,6
30585,6
30586,0
30587,6
30588,8
30589,5
30590,6
30591,5
30592,7
30593,9
30594,4
30595,7
30596,0
30597,5
30598,4
30599,0
30600,9
30601,7
30602,6
30603,1
30604,9
30605,1
30606,2
30607,9
30608,8
30609,1
30610,1
30611,3
30612,3
30613,1
30614,0
30615,6
30616,2
30617,5
30618,8
30619,0
30620,1
30621,6
30622,2
30623,0
30624,1
30625,3
30626,3
30627,1
30628,8
30629,7
30630,1
30631,0
30632,3
30633,3
30634,1
30635,5
30636,0
30637,1
30638,7
30639,9
30640,2
30641,7
30642,1
30643,1
30644,9
30645,4
30646,9
30647,1
30648,7
30649,0
30650,9
30651,3
30652,2
30653,9
30654,3
30655,9
30656,0
30657,2
30658,7
30659,7
30660,5
30661,8
30662,8
30663,0
30664,3
30665,4
30666,8
30667,3
30668,4
30669,0
30670,0
30671,1
30672,4
30673,0
30674,9
30675,2
30676,5
30677,0
30678,1
30679,4
30680,3
30681,3
30682,4
30683,1
30684,9
30685,7
30686,0
30687,5
30688,2
30689,9
30690,2
30691,3
30692,7
30693,8
30694,4
30695,6
30696,1
30697,8
30698,2
30699,1
30700,2
30701,9
30702,3
30703,3
30704,1
30705,8
30706,5
30707,1
30708,8
30709,3
30710,2
30711,0
30712,1
30713,3
30714,7
30715,0
30716,1
30717,0
30718,3
30719,2
30720,7
30721,4
30722,0
30723,6
30724,1
30725,1
30726,2
30727,8
30728,4
30729,6
30730,4
30731,1
30732,1
30733,8
30734,0
30735,1
30736,2
30737,7
30738,8
30739,0
30740,7
30741,2
30742,0
30743,9
30744,9
30745,1
30746,8
30747,2
30748,8
30749,8
30750,6
30751,7
30752,4
30753,6
30754,1
30755,2
30756,6
30757,1
30758,8
30759,4
30760,3
30761,4
30762,4
30763,2
30764,8
30765,1
30766,8
30767,8
30768,2
30769,6
30770,5
30771,2
30772,1
30773,9
30774,7
30775,1
30776,3
30777,8
30778,7
30779,6
30780,7
30781,2
30782,6
30783,1
30784,2
30785,0
30786,9
30787,4
30788,7
30789,6
30790,3
30791,3
30792,0
30793,5
30794,0
30795,1
30796,9
30797,7
30798,7
30799,6
30800,7
30801,6
30802,7
30803,6
30804,0
30805,6
30806,1
30807,2
30808,8
30809,7
30810,6
30811,1
30812,2
30813,0
30814,1
30815,3
30816,7
30817,6
30818,3
30819,4
30820,8
30821,5
30822,4
30823,7
30824,9
30825,0
30826,1
30827,5
30828,0
30829,4
30830,1
30831,1
30832,6
30833,9
30834,3
30835,9
30836,6
30837,7
30838,7
30839,4
30840,0
30841,9
30842,9
30843,9
30844,7
30845,3
30846,4
30847,7
30848,0
30849,7
30850,6
30851,4
30852,2
30853,3
30854,3
30855,2
30856,2
30857,8
30858,9
30859,8
30860,3
30861,2
30862,4
30863,1
30864,2
30865,1
30866,4
30867,0
30868,0
30869,4
30870,6
30871,2
30872,6
30873,9
30874,6
30875,9
30876,5
30877,7
30878,6
30879,4
30880,7
30881,5
30882,9
30883,0
30884,7
30885,7
30886,5
30887,4
30888,6
30889,4
30890,6
30891,0
30892,9
30893,7
30894,3
30895,7
30896,0
30897,3
30898,1
30899,4
30900,7
30901,2
30902,8
30903,7
30904,1
30905,1
30906,4
30907,8
30908,2
30909,8
30910,7
30911,6
30912,8
30913,0
30914,2
30915,7
30916,3
30917,0
30918,2
30919,9
30920,1
30921,1
30922,6
30923,7
30924,0
30925,2
30926,7
30927,0
30928,7
30929,9
30930,4
30931,6
30932,1
30933,4
30934,8
30935,3
30936,2
30937,9
30938,9
30939,4
30940,0
30941,0
30942,8
30943,0
30944,7
30945,1
30946,0
30947,5
30948,5
30949,6
30950,8
30951,1
30952,9
30953,2
30954,8
30955,8
30956,3
30957,1
30958,1
30959,9
30960,4
30961,1
30962,6
30963,4
30964,1
30965,8
30966,9
30967,9
30968,2
30969,7
30970,2
30971,7
30972,9
30973,9
30974,6
30975,8
30976,0
30977,8
30978,7
30979,4
30980,0
30981,8
30982,0
30983,6
30984,6
30985,4
30986,1
30987,4
30988,4
30989,2
30990,1
30991,9
30992,3
30993,4
30994,6
30995,4
30996,9
30997,1
30998,7
30999,6
31000,0
31001,8
31002,0
31003,8
31004,1
31005,8
31006,4
31007,7
31008,6
31009,3
31010,9
31011,0
31012,9
31013,4
31014,0
31015,6
31016,8
31017,4
31018,9
31019,9
31020,9
31021,4
31022,8
31023,5
31024,4
31025,5
31026,0
31027,8
31028,8
31029,8
31030,3
31031,4
31032,6
31033,4
31034,6
31035,6
31036,7
31037,8
31038,3
31039,8
31040,1
31041,8
31042,2
31043,6
31044,2
31045,5
31046,0
31047,4
31048,5
31049,6
31050,9
31051,7
31052,0
31053,6
31054,6
31055,0
31056,6
31057,9
31058,4
31059,6
31060,0
31061,5
31062,7
31063,6
31064,7
31065,1
31066,9
31067,5
31068,2
31069,6
31070,5
31071,1
31072,6
31073,3
31074,2
31075,6
31076,6
31077,1
31078,2
31079,1
31080,8
31081,7
31082,5
31083,3
31084,1
31085,7
31086,0
31087,4
31088,9
31089,3
31090,5
31091,2
31092,6
31093,4
31094,5
31095,1
31096,7
31097,6
31098,0
31099,6
31100,9
31101,9
31102,4
31103,4
31104,8
31105,2
31106,6
31107,4
31108,5
31109,0
31110,0
31111,2
31112,4
31113,7
31114,1
31115,5
31116,2
31117,4
31118,9
31119,0
31120,5
31121,9
31122,7
31123,7
31124,6
31125,6
31126,2
31127,8
31128,0
31129,1
31130,6
31131,6
31132,4
31133,2
31134,5
31135,0
31136,9
31137,7
31138,7
31139,1
31140,3
31141,3
31142,2
31143,0
31144,4
31145,0
31146,1
31147,1
31148,5
31149,5
31150,8
31151,3
31152,5
31153,5
31154,3
31155,3
31156,7
31157,4
31158,2
31159,1
31160,2
31161,5
31162,4
31163,1
31164,4
31165,9
31166,6
31167,2
31168,6
31169,3
31170,2
31171,9
31172,0
31173,4
31174,7
31175,7
31176,1
31177,9
31178,4
31179,3
31180,7
31181,7
31182,6
31183,0
31184,5
31185,6
31186,7
31187,4
31188,9
31189,1
31190,5
31191,3
31192,4
31193,9
31194,7
31195,7
31196,3
31197,1
31198,7
31199,9
31200,8
31201,2
31202,7
31203,9
31204,2
31205,7
31206,8
31207,6
31208,2
31209,4
31210,9
31211,2
31212,1
31213,9
31214,3
31215,0
31216,7
31217,9
31218,2
31219,2
31220,1
31221,6
31222,8
31223,1
31224,8
31225,0
31226,8
31227,3
31228,2
31229,5
31230,2
31231,3
31232,1
31233,5
31234,1
31235,7
31236,1
31237,4
31238,0
31239,6
31240,9
31241,9
31242,9
31243,6
31244,3
31245,2
31246,4
31247,1
31248,9
31249,6
31250,7
31251,1
31252,4
31253,6
31254,6
31255,9
31256,0
31257,3
31258,9
31259,2
31260,2
31261,8
31262,0
31263,8
31264,4
31265,0
31266,0
31267,2
31268,7
31269,7
31270,1
31271,6
31272,1
31273,8
31274,2
31275,2
31276,1
31277,1
31278,2
31279,5
31280,1
31281,2
31282,9
31283,1
31284,5
31285,3
31286,1
31287,3
31288,4
31289,1
31290,4
31291,1
31292,5
31293,5
31294,1
31295,6
31296,6
31297,0
31298,3
31299,7
31300,1
31301,9
31302,1
31303,8
31304,0
31305,7
31306,9
31307,6
31308,7
31309,5
31310,8
31311,3
31312,2
31313,9
31314,1
31315,2
31316,0
31317,7
31318,1
31319,1
31320,4
31321,8
31322,4
31323,5
31324,8
31325,0
31326,4
31327,5
31328,7
31329,8
31330,9
31331,6
31332,1
31333,3
31334,9
31335,5
31336,8
31337,3
31338,6
31339,3
31340,1
31341,0
31342,6
31343,2
31344,9
31345,3
31346,8
31347,0
31348,6
31349,3
31350,0
31351,6
31352,3
31353,3
31354,5
31355,0
31356,0
31357,8
31358,8
31359,8
31360,9
31361,6
31362,2
31363,7
31364,7
31365,1
31366,0
31367,3
31368,6
31369,1
31370,1
31371,6
31372,6
31373,1
31374,0
31375,1
31376,8
31377,3
31378,0
31379,7
31380,5
31381,7
31382,5
31383,5
31384,2
31385,4
31386,4
31387,5
31388,7
31389,6
31390,3
31391,4
31392,8
31393,1
31394,1
31395,9
31396,2
31397,2
31398,4
31399,0
31400,7
31401,8
31402,8
31403,5
31404,5
31405,3
31406,5
31407,8
31408,2
31409,9
31410,1
31411,4
31412,2
31413,0
31414,8
31415,2
31416,2
31417,4
31418,1
31419,2
31420,1
31421,0
31422,1
31423,7
31424,3
31425,1
31426,2
31427,2
31428,6
31429,1
31430,0
31431,7
31432,3
31433,0
31434,3
31435,6
31436,0
31437,8
31438,1
31439,0
31440,8
31441,6
31442,3
31443,6
31444,9
31445,0
31446,1
31447,6
31448,2
31449,6
31450,7
31451,6
31452,9
31453,2
31454,7
31455,5
31456,0
31457,7
31458,0
31459,1
31460,7
31461,0
31462,2
31463,7
31464,0
31465,5
31466,0
31467,0
31468,5
31469,2
31470,9
31471,7
31472,0
31473,1
31474,6
31475,8
31476,7
31477,7
31478,8
31479,3
31480,5
31481,4
31482,5
31483,6
31484,1
31485,7
31486,9
31487,5
31488,6
31489,2
31490,6
31491,8
31492,8
31493,8
31494,9
31495,3
31496,0
31497,2
31498,8
31499,2
31500,7
31501,4
31502,8
31503,7
31504,8
31505,9
31506,4
31507,7
31508,1
31509,9
31510,2
31511,6
31512,2
31513,4
31514,2
31515,7
31516,8
31517,1
31518,8
31519,5
31520,8
31521,9
31522,7
31523,6
31524,9
31525,5
31526,1
31527,4
31528,3
31529,1
31530,7
31531,0
31532,1
31533,6
31534,5
31535,1
31536,1
31537,1
31538,4
31539,2
31540,2
31541,3
31542,5
31543,0
31544,4
31545,2
31546,6
31547,1
31548,4
31549,2
31550,0
31551,7
31552,6
31553,8
31554,6
31555,2
31556,9
31557,9
31558,4
31559,3
31560,7
31561,9
31562,0
31563,6
31564,6
31565,7
31566,9
31567,4
31568,9
31569,8
31570,6
31571,6
31572,6
31573,7
31574,1
31575,3
31576,8
31577,6
31578,0
31579,5
31580,1
31581,5
31582,3
31583,4
31584,5
31585,8
31586,6
31587,5
31588,9
31589,7
31590,9
31591,3
31592,3
31593,6
31594,7
31595,7
31596,7
31597,2
31598,3
31599,3
31600,7
31601,1
31602,2
31603,0
31604,6
31605,0
31606,2
31607,6
31608,5
31609,4
31610,1
31611,3
31612,7
31613,0
31614,8
31615,4
31616,3
31617,5
31618,8
31619,9
31620,2
31621,4
31622,7
31623,1
31624,6
31625,2
31626,1
31627,3
31628,5
31629,5
31630,3
31631,1
31632,1
31633,6
31634,1
31635,4
31636,0
31637,3
31638,8
31639,1
31640,0
31641,7
31642,9
31643,4
31644,2
31645,1
31646,5
31647,2
31648,1
31649,0
31650,2
31651,3
31652,2
31653,7
31654,1
31655,9
31656,6
31657,7
31658,3
31659,8
31660,8
31661,8
31662,8
31663,9
31664,0
31665,4
31666,2
31667,0
31668,9
31669,0
31670,3
31671,3
31672,5
31673,5
31674,4
31675,2
31676,1
31677,3
31678,9
31679,4
31680,9
31681,6
31682,7
31683,0
31684,9
31685,0
31686,2
31687,5
31688,7
31689,9
31690,0
31691,5
31692,6
31693,7
31694,4
31695,0
31696,1
31697,1
31698,0
31699,3
31700,2
31701,8
31702,0
31703,9
31704,0
31705,7
31706,5
31707,2
31708,7
31709,5
31710,2
31711,5
31712,4
31713,9
31714,2
31715,3
31716,5
31717,9
31718,7
31719,9
31720,5
31721,7
31722,6
31723,8
31724,1
31725,2
31726,6
31727,3
31728,3
31729,5
31730,1
31731,5
31732,2
31733,2
31734,4
31735,1
31736,7
31737,2
31738,6
31739,2
31740,3
31741,5
31742,1
31743,1
31744,4
31745,8
31746,6
31747,0
31748,2
31749,7
31750,3
31751,4
31752,6
31753,0
31754,3
31755,7
31756,7
31757,0
31758,5
31759,4
31760,6
31761,9
31762,2
31763,3
31764,6
31765,8
31766,8
31767,2
31768,0
31769,5
31770,3
31771,7
31772,6
31773,6
31774,8
31775,3
31776,0
31777,3
31778,1
31779,0
31780,3
31781,9
31782,9
31783,0
31784,2
31785,2
31786,6
31787,3
31788,2
31789,9
31790,9
31791,1
31792,6
31793,9
31794,0
31795,3
31796,4
31797,9
31798,7
31799,8
31800,9
31801,9
31802,5
31803,6
31804,1
31805,9
31806,9
31807,8
31808,7
31809,1
31810,6
31811,8
31812,6
31813,8
31814,0
31815,2
31816,1
31817,2
31818,3
31819,7
31820,2
31821,7
31822,0
31823,8
31824,3
31825,7
31826,8
31827,5
31828,7
31829,4
31830,3
31831,7
31832,1
31833,1
31834,4
31835,2
31836,2
31837,3
31838,5
31839,7
31840,4
31841,5
31842,8
31843,6
31844,7
31845,2
31846,5
31847,2
31848,7
31849,7
31850,8
31851,4
31852,2
31853,5
31854,2
31855,3
31856,5
31857,6
31858,6
31859,9
31860,3
31861,3
31862,4
31863,3
31864,1
31865,2
31866,3
31867,6
31868,8
31869,9
31870,1
31871,0
31872,0
31873,5
31874,6
31875,3
31876,4
31877,2
31878,9
31879,4
31880,9
31881,5
31882,6
31883,1
31884,4
31885,6
31886,5
31887,5
31888,6
31889,1
31890,5
31891,2
31892,3
31893,2
31894,4
31895,7
31896,1
31897,7
31898,5
31899,9
31900,2
31901,8
31902,7
31903,4
31904,8
31905,9
31906,2
31907,9
31908,6
31909,3
31910,0
31911,5
31912,2
31913,5
31914,3
31915,5
31916,0
31917,6
31918,4
31919,0
31920,4
31921,3
31922,7
31923,6
31924,5
31925,7
31926,9
31927,8
31928,6
31929,9
31930,9
31931,2
31932,7
31933,2
31934,6
31935,1
31936,7
31937,1
31938,1
31939,5
31940,7
31941,7
31942,6
31943,4
31944,9
31945,2
31946,5
31947,7
31948,4
31949,7
31950,9
31951,3
31952,6
31953,9
31954,1
31955,1
31956,7
31957,1
31958,9
31959,5
31960,9
31961,6
31962,7
31963,7
31964,8
31965,7
31966,2
31967,9
31968,0
31969,9
31970,9
31971,6
31972,5
31973,5
31974,9
31975,8
31976,7
31977,1
31978,8
31979,6
31980,8
31981,9
31982,4
31983,6
31984,8
31985,4
31986,7
31987,6
31988,6
31989,7
31990,6
31991,9
31992,1
31993,4
31994,0
31995,7
31996,0
31997,4
31998,5
31999,8
32000,2
32001,4
32002,9
32003,9
32004,3
32005,9
32006,9
32007,5
32008,8
32009,4
32010,7
32011,9
32012,2
32013,0
32014,7
32015,3
32016,6
32017,7
32018,7
32019,8
32020,9
32021,3
32022,8
32023,9
32024,9
32025,7
32026,4
32027,3
32028,1
32029,9
32030,9
32031,8
32032,1
32033,1
32034,5
32035,1
32036,2
32037,8
32038,2
32039,7
32040,5
32041,7
32042,9
32043,1
32044,3
32045,3
32046,7
32047,3
32048,5
32049,3
32050,5
32051,2
32052,2
32053,1
32054,6
32055,6
32056,8
32057,1
32058,5
32059,7
32060,2
32061,0
32062,6
32063,7
32064,8
32065,2
32066,6
32067,9
32068,8
32069,1
32070,7
32071,3
32072,3
32073,2
32074,2
32075,2
32076,1
32077,4
32078,5
32079,5
32080,8
32081,6
32082,1
32083,8
32084,5
32085,4
32086,6
32087,2
32088,6
32089,5
32090,0
32091,5
32092,9
32093,2
32094,4
32095,0
32096,3
32097,7
32098,6
32099,1
32100,5
32101,5
32102,1
32103,1
32104,8
32105,3
32106,2
32107,6
32108,4
32109,8
32110,6
32111,7
32112,3
32113,3
32114,8
32115,6
32116,4
32117,7
32118,9
32119,6
32120,1
32121,0
32122,7
32123,0
32124,3
32125,4
32126,5
32127,7
32128,4
32129,2
32130,4
32131,6
32132,1
32133,4
32134,7
32135,8
32136,0
32137,8
32138,1
32139,6
32140,9
32141,6
32142,6
32143,5
32144,8
32145,3
32146,1
32147,9
32148,9
32149,2
32150,8
32151,1
32152,6
32153,5
32154,6
32155,6
32156,2
32157,2
32158,4
32159,4
32160,4
32161,0
32162,4
32163,2
32164,0
32165,1
32166,2
32167,1
32168,1
32169,0
32170,0
32171,0
32172,9
32173,2
32174,5
32175,1
32176,0
32177,6
32178,5
32179,8
32180,5
32181,7
32182,1
32183,1
32184,2
32185,3
32186,8
32187,2
32188,7
32189,9
32190,6
32191,4
32192,6
32193,4
32194,1
32195,7
32196,8
32197,2
32198,4
32199,8
32200,8
32201,0
32202,7
32203,0
32204,0
32205,1
32206,6
32207,5
32208,4
32209,9
32210,0
32211,6
32212,9
32213,8
32214,3
32215,2
32216,1
32217,4
32218,8
32219,8
32220,0
32221,0
32222,8
32223,4
32224,9
32225,2
32226,4
32227,5
32228,4
32229,6
32230,7
32231,6
32232,7
32233,9
32234,1
32235,2
32236,7
32237,2
32238,5
32239,0
32240,2
32241,5
32242,2
32243,5
32244,2
32245,9
32246,5
32247,7
32248,1
32249,6
32250,8
32251,3
32252,9
32253,4
32254,5
32255,4
32256,4
32257,7
32258,4
32259,5
32260,9
32261,5
32262,7
32263,4
32264,0
32265,0
32266,6
32267,9
32268,1
32269,3
32270,9
32271,1
32272,5
32273,3
32274,4
32275,3
32276,0
32277,2
32278,1
32279,3
32280,2
32281,6
32282,8
32283,1
32284,9
32285,0
32286,2
32287,7
32288,0
32289,1
32290,5
32291,8
32292,3
32293,6
32294,5
32295,1
32296,1
32297,3
32298,8
32299,9
32300,2
32301,6
32302,1
32303,5
32304,6
32305,9
32306,3
32307,0
32308,4
32309,9
32310,8
32311,3
32312,3
32313,3
32314,3
32315,6
32316,1
32317,9
32318,0
32319,8
32320,0
32321,5
32322,6
32323,9
32324,5
32325,3
32326,7
32327,6
32328,9
32329,5
32330,8
32331,8
32332,6
32333,6
32334,6
32335,5
32336,3
32337,4
32338,4
32339,7
32340,9
32341,1
32342,3
32343,5
32344,6
32345,6
32346,2
32347,6
32348,2
32349,7
32350,8
32351,0
32352,2
32353,5
32354,8
32355,9
32356,6
32357,1
32358,9
32359,0
32360,7
32361,3
32362,6
32363,4
32364,9
32365,7
32366,1
32367,1
32368,3
32369,3
32370,2
32371,4
32372,3
32373,9
32374,9
32375,2
32376,9
32377,0
32378,1
32379,9
32380,7
32381,4
32382,6
32383,1
32384,5
32385,7
32386,3
32387,1
32388,1
32389,1
32390,1
32391,4
32392,0
32393,1
32394,3
32395,3
32396,3
32397,4
32398,8
32399,8
32400,3
32401,8
32402,4
32403,0
32404,3
32405,9
32406,7
32407,5
32408,7
32409,1
32410,2
32411,9
32412,1
32413,3
32414,7
32415,7
32416,6
32417,0
32418,1
32419,7
32420,8
32421,2
32422,3
32423,3
32424,1
32425,6
32426,7
32427,2
32428,3
32429,3
32430,2
32431,7
32432,3
32433,8
32434,9
32435,4
32436,4
32437,8
32438,3
32439,6
32440,9
32441,7
32442,3
32443,5
32444,2
32445,3
32446,8
32447,1
32448,5
32449,6
32450,5
32451,0
32452,7
32453,3
32454,2
32455,6
32456,1
32457,6
32458,9
32459,5
32460,5
32461,2
32462,1
32463,6
32464,8
32465,4
32466,7
32467,1
32468,7
32469,0
32470,7
32471,0
32472,2
32473,3
32474,5
32475,8
32476,4
32477,5
32478,7
32479,3
32480,5
32481,7
32482,3
32483,9
32484,0
32485,0
32486,5
32487,7
32488,4
32489,8
32490,5
32491,5
32492,2
32493,7
32494,2
32495,5
32496,8
32497,1
32498,1
32499,3
32500,8
32501,4
32502,0
32503,3
32504,7
32505,8
32506,9
32507,9
32508,8
32509,2
32510,1
32511,9
32512,7
32513,2
32514,6
32515,9
32516,4
32517,0
32518,5
32519,6
32520,1
32521,7
32522,6
32523,0
32524,6
32525,9
32526,6
32527,1
32528,1
32529,8
32530,6
32531,6
32532,5
32533,4
32534,9
32535,8
32536,3
32537,9
32538,8
32539,2
32540,8
32541,1
32542,1
32543,6
32544,3
32545,7
32546,0
32547,0
32548,3
32549,2
32550,3
32551,3
32552,5
32553,2
32554,6
32555,3
32556,0
32557,9
32558,1
32559,5
32560,8
32561,1
32562,9
32563,5
32564,7
32565,7
32566,2
32567,0
32568,2
32569,3
32570,6
32571,9
32572,0
32573,7
32574,5
32575,4
32576,8
32577,1
32578,0
32579,7
32580,8
32581,5
32582,4
32583,3
32584,5
32585,0
32586,9
32587,7
32588,8
32589,0
32590,2
32591,8
32592,5
32593,0
32594,4
32595,7
32596,2
32597,5
32598,8
32599,9
32600,4
32601,9
32602,7
32603,8
32604,2
32605,1
32606,2
32607,3
32608,2
32609,7
32610,0
32611,2
32612,1
32613,7
32614,0
32615,1
32616,9
32617,9
32618,6
32619,9
32620,3
32621,2
32622,4
32623,8
32624,1
32625,7
32626,6
32627,1
32628,1
32629,9
32630,8
32631,6
32632,1
32633,5
32634,9
32635,1
32636,5
32637,9
32638,2
32639,1
32640,6
32641,0
32642,5
32643,9
32644,0
32645,7
32646,4
32647,5
32648,7
32649,3
32650,0
32651,4
32652,1
32653,5
32654,7
32655,7
32656,8
32657,1
32658,7
32659,1
32660,2
32661,1
32662,4
32663,0
32664,2
32665,7
32666,8
32667,2
32668,2
32669,2
32670,2
32671,5
32672,1
32673,4
32674,7
32675,3
32676,8
32677,2
32678,7
32679,1
32680,9
32681,2
32682,3
32683,8
32684,9
32685,2
32686,7
32687,0
32688,0
32689,6
32690,9
32691,4
32692,1
32693,9
32694,9
32695,6
32696,2
32697,8
32698,7
32699,8
32700,2
32701,7
32702,3
32703,0
32704,4
32705,7
32706,6
32707,5
32708,2
32709,5
32710,2
32711,0
32712,6
32713,2
32714,6
32715,4
32716,9
32717,8
32718,9
32719,5
32720,6
32721,0
32722,4
32723,7
32724,9
32725,1
32726,9
32727,5
32728,3
32729,2
32730,9
32731,2
32732,0
32733,5
32734,8
32735,2
32736,3
32737,1
32738,3
32739,7
32740,2
32741,6
32742,6
32743,4
32744,1
32745,3
32746,7
32747,3
32748,6
32749,9
32750,3
32751,5
32752,0
32753,2
32754,3
32755,1
32756,1
32757,9
32758,7
32759,3
32760,9
32761,1
32762,3
32763,1
32764,6
32765,9
32766,4
32767,8
32768,3
32769,1
32770,2
32771,5
32772,4
32773,5
32774,2
32775,6
32776,2
32777,4
32778,0
32779,9
32780,2
32781,6
32782,8
32783,0
32784,7
32785,2
32786,0
32787,0
32788,3
32789,0
32790,7
32791,3
32792,3
32793,8
32794,3
32795,4
32796,3
32797,0
32798,6
32799,1
32800,2
32801,0
32802,4
32803,6
32804,0
32805,4
32806,4
32807,7
32808,5
32809,4
32810,7
32811,4
32812,3
32813,0
32814,2
32815,6
32816,4
32817,4
32818,9
32819,2
32820,5
32821,4
32822,4
32823,7
32824,8
32825,4
32826,6
32827,2
32828,1
32829,6
32830,0
32831,6
32832,7
32833,8
32834,7
32835,1
32836,6
32837,7
32838,7
32839,7
32840,5
32841,9
32842,1
32843,2
32844,1
32845,8
32846,6
32847,2
32848,9
32849,9
32850,3
32851,3
32852,3
32853,2
32854,5
32855,3
32856,6
32857,8
32858,8
32859,0
32860,7
32861,9
32862,6
32863,3
32864,9
32865,5
32866,8
32867,4
32868,8
32869,6
32870,8
32871,6
32872,8
32873,7
32874,3
32875,0
32876,3
32877,8
32878,6
32879,9
32880,9
32881,6
32882,1
32883,9
32884,6
32885,1
32886,2
32887,9
32888,2
32889,7
32890,7
32891,2
32892,1
32893,5
32894,3
32895,0
32896,7
32897,6
32898,0
32899,7
32900,5
32901,3
32902,5
32903,1
32904,0
32905,4
32906,0
32907,2
32908,3
32909,9
32910,8
32911,1
32912,0
32913,0
32914,7
32915,2
32916,6
32917,7
32918,4
32919,3
32920,3
32921,8
32922,5
32923,9
32924,2
32925,8
32926,5
32927,5
32928,6
32929,5
32930,7
32931,1
32932,2
32933,8
32934,3
32935,1
32936,3
32937,0
32938,4
32939,7
32940,2
32941,1
32942,7
32943,9
32944,8
32945,7
32946,1
32947,0
32948,6
32949,0
32950,8
32951,4
32952,2
32953,2
32954,2
32955,6
32956,9
32957,8
32958,8
32959,9
32960,1
32961,0
32962,9
32963,4
32964,1
32965,2
32966,0
32967,8
32968,5
32969,0
32970,9
32971,3
32972,3
32973,6
32974,9
32975,5
32976,8
32977,9
32978,5
32979,0
32980,2
32981,5
32982,1
32983,5
32984,7
32985,7
32986,6
32987,4
32988,2
32989,5
32990,7
32991,5
32992,1
32993,6
32994,4
32995,6
32996,4
32997,4
32998,2
32999,2
33000,4
33001,9
33002,8
33003,1
33004,4
33005,9
33006,2
33007,6
33008,8
33009,5
33010,5
33011,7
33012,6
33013,4
33014,1
33015,7
33016,8
33017,5
33018,1
33019,7
33020,1
33021,5
33022,9
33023,3
33024,8
33025,3
33026,3
33027,9
33028,5
33029,2
33030,2
33031,7
33032,3
33033,5
33034,4
33035,1
33036,9
33037,2
33038,7
33039,1
33040,3
33041,8
33042,3
33043,7
33044,3
33045,0
33046,8
33047,8
33048,0
33049,7
33050,8
33051,9
33052,2
33053,7
33054,5
33055,7
33056,4
33057,9
33058,4
33059,6
33060,6
33061,3
33062,7
33063,0
33064,1
33065,2
33066,3
33067,8
33068,7
33069,3
33070,4
33071,4
33072,6
33073,2
33074,0
33075,0
33076,9
33077,3
33078,6
33079,3
33080,0
33081,0
33082,2
33083,9
33084,9
33085,8
33086,8
33087,1
33088,7
33089,5
33090,9
33091,8
33092,4
33093,8
33094,4
33095,4
33096,5
33097,9
33098,8
33099,0
33100,8
33101,1
33102,4
33103,9
33104,0
33105,3
33106,7
33107,5
33108,7
33109,4
33110,7
33111,2
33112,6
33113,4
33114,8
33115,4
33116,5
33117,3
33118,3
33119,6
33120,2
33121,2
33122,7
33123,7
33124,9
33125,1
33126,5
33127,1
33128,0
33129,3
33130,5
33131,1
33132,7
33133,4
33134,0
33135,6
33136,9
33137,7
33138,0
33139,4
33140,2
33141,5
33142,2
33143,3
33144,5
33145,9
33146,6
33147,7
33148,7
33149,9
33150,9
33151,4
33152,0
33153,8
33154,6
33155,5
33156,8
33157,0
33158,3
33159,1
33160,3
33161,3
33162,6
33163,3
33164,5
33165,2
33166,7
33167,8
33168,9
33169,8
33170,3
33171,8
33172,9
33173,4
33174,4
33175,1
33176,4
33177,9
33178,6
33179,0
33180,5
33181,1
33182,3
33183,9
33184,7
33185,0
33186,2
33187,7
33188,5
33189,0
33190,6
33191,2
33192,4
33193,3
33194,7
33195,9
33196,2
33197,3
33198,2
33199,3
33200,9
33201,4
33202,1
33203,3
33204,7
33205,7
33206,6
33207,7
33208,8
33209,5
33210,3
33211,9
33212,9
33213,0
33214,4
33215,5
33216,9
33217,7
33218,5
33219,0
33220,5
33221,7
33222,3
33223,5
33224,6
33225,3
33226,8
33227,2
33228,7
33229,2
33230,1
33231,2
33232,2
33233,3
33234,2
33235,6
33236,0
33237,9
33238,4
33239,5
33240,8
33241,6
33242,5
33243,4
33244,8
33245,9
33246,3
33247,6
33248,0
33249,1
33250,6
33251,2
33252,5
33253,1
33254,1
33255,3
33256,9
33257,9
33258,3
33259,7
33260,2
33261,5
33262,4
33263,3
33264,7
33265,2
33266,4
33267,7
33268,0
33269,0
33270,7
33271,2
33272,9
33273,9
33274,0
33275,7
33276,5
33277,7
33278,7
33279,6
33280,3
33281,6
33282,1
33283,5
33284,1
33285,0
33286,3
33287,8
33288,2
33289,0
33290,5
33291,6
33292,2
33293,2
33294,4
33295,3
33296,8
33297,2
33298,2
33299,4
33300,3
33301,0
33302,5
33303,7
33304,8
33305,7
33306,9
33307,9
33308,6
33309,7
33310,0
33311,3
33312,5
33313,8
33314,4
33315,6
33316,9
33317,6
33318,7
33319,0
33320,0
33321,9
33322,3
33323,4
33324,1
33325,7
33326,3
33327,6
33328,2
33329,6
33330,4
33331,9
33332,4
33333,4
33334,7
33335,4
33336,2
33337,9
33338,5
33339,5
33340,4
33341,5
33342,6
33343,4
33344,0
33345,6
33346,1
33347,1
33348,6
33349,4
33350,1
33351,2
33352,1
33353,8
33354,1
33355,3
33356,5
33357,0
33358,2
33359,6
33360,8
33361,4
33362,2
33363,1
33364,4
33365,6
33366,2
33367,2
33368,5
33369,6
33370,0
33371,2
33372,6
33373,8
33374,0
33375,6
33376,9
33377,3
33378,2
33379,2
33380,2
33381,4
33382,2
33383,9
33384,9
33385,9
33386,1
33387,9
33388,6
33389,2
33390,6
33391,7
33392,9
33393,5
33394,6
33395,6
33396,7
33397,0
33398,6
33399,2
33400,8
33401,0
33402,0
33403,0
33404,9
33405,1
33406,6
33407,7
33408,3
33409,1
33410,0
33411,3
33412,1
33413,3
33414,7
33415,8
33416,9
33417,4
33418,3
33419,2
33420,3
33421,7
33422,9
33423,8
33424,5
33425,1
33426,7
33427,5
33428,8
33429,8
33430,4
33431,5
33432,6
33433,5
33434,3
33435,2
33436,7
33437,0
33438,4
33439,3
33440,7
33441,8
33442,0
33443,5
33444,9
33445,6
33446,5
33447,1
33448,0
33449,0
33450,4
33451,6
33452,1
33453,0
33454,4
33455,7
33456,9
33457,0
33458,1
33459,0
33460,2
33461,6
33462,1
33463,5
33464,5
33465,3
33466,0
33467,8
33468,9
33469,6
33470,2
33471,3
33472,4
33473,3
33474,9
33475,6
33476,6
33477,1
33478,0
33479,0
33480,1
33481,4
33482,2
33483,1
33484,7
33485,1
33486,3
33487,2
33488,3
33489,4
33490,5
33491,3
33492,0
33493,5
33494,8
33495,7
33496,1
33497,5
33498,3
33499,2
33500,1
33501,8
33502,3
33503,7
33504,0
33505,3
33506,5
33507,1
33508,1
33509,4
33510,6
33511,6
33512,2
33513,5
33514,1
33515,4
33516,6
33517,3
33518,1
33519,5
33520,8
33521,6
33522,1
33523,2
33524,7
33525,1
33526,9
33527,9
33528,2
33529,7
33530,4
33531,1
33532,1
33533,8
33534,0
33535,5
33536,6
33537,6
33538,5
33539,9
33540,3
33541,4
33542,4
33543,6
33544,5
33545,4
33546,9
33547,6
33548,3
33549,6
33550,9
33551,3
33552,1
33553,5
33554,5
33555,9
33556,9
33557,7
33558,2
33559,0
33560,9
33561,6
33562,8
33563,1
33564,4
33565,1
33566,0
33567,1
33568,5
33569,9
33570,0
33571,9
33572,4
33573,1
33574,9
33575,9
33576,7
33577,2
33578,6
33579,4
33580,7
33581,0
33582,0
33583,0
33584,1
33585,0
33586,1
33587,8
33588,7
33589,9
33590,8
33591,1
33592,0
33593,4
33594,0
33595,1
33596,5
33597,8
33598,1
33599,5
33600,3
33601,8
33602,3
33603,6
33604,5
33605,6
33606,6
33607,2
33608,1
33609,2
33610,3
33611,3
33612,9
33613,3
33614,3
33615,5
33616,0
33617,2
33618,0
33619,3
33620,0
33621,3
33622,6
33623,2
33624,3
33625,5
33626,9
33627,1
33628,1
33629,1
33630,1
33631,4
33632,8
33633,5
33634,8
33635,5
33636,4
33637,4
33638,6
33639,8
33640,9
33641,4
33642,8
33643,5
33644,0
33645,5
33646,7
33647,6
33648,2
33649,3
33650,2
33651,5
33652,2
33653,7
33654,6
33655,5
33656,0
33657,6
33658,4
33659,6
33660,5
33661,1
33662,1
33663,2
33664,2
33665,1
33666,7
33667,6
33668,1
33669,8
33670,1
33671,0
33672,0
33673,5
33674,7
33675,4
33676,5
33677,7
33678,4
33679,7
33680,9
33681,1
33682,0
33683,6
33684,3
33685,4
33686,6
33687,3
33688,5
33689,8
33690,3
33691,9
33692,8
33693,3
33694,8
33695,1
33696,0
33697,4
33698,7
33699,9
33700,1
33701,7
33702,5
33703,3
33704,4
33705,1
33706,7
33707,1
33708,4
33709,3
33710,7
33711,6
33712,8
33713,5
33714,8
33715,3
33716,9
33717,9
33718,7
33719,6
33720,4
33721,8
33722,1
33723,4
33724,1
33725,6
33726,5
33727,2
33728,6
33729,6
33730,1
33731,9
33732,4
33733,6
33734,8
33735,2
33736,0
33737,0
33738,4
33739,7
33740,4
33741,2
33742,9
33743,9
33744,3
33745,7
33746,7
33747,5
33748,5
33749,8
33750,1
33751,4
33752,3
33753,8
33754,7
33755,7
33756,6
33757,4
33758,2
33759,3
33760,5
33761,5
33762,3
33763,1
33764,7
33765,2
33766,9
33767,6
33768,5
33769,3
33770,5
33771,2
33772,1
33773,4
33774,3
33775,3
33776,4
33777,7
33778,8
33779,1
33780,5
33781,6
33782,5
33783,3
33784,5
33785,4
33786,6
33787,2
33788,0
33789,7
33790,0
33791,3
33792,6
33793,0
33794,4
33795,3
33796,9
33797,2
33798,8
33799,0
33800,6
33801,8
33802,1
33803,1
33804,5
33805,3
33806,0
33807,2
33808,0
33809,7
33810,7
33811,8
33812,3
33813,9
33814,6
33815,8
33816,5
33817,7
33818,2
33819,2
33820,3
33821,6
33822,4
33823,8
33824,9
33825,5
33826,2
33827,1
33828,2
33829,6
33830,3
33831,2
33832,2
33833,0
33834,7
33835,0
33836,1
33837,3
33838,2
33839,0
33840,4
33841,1
33842,6
33843,1
33844,4
33845,0
33846,0
33847,6
33848,6
33849,8
33850,1
33851,2
33852,8
33853,8
33854,8
33855,4
33856,6
33857,6
33858,8
33859,6
33860,5
33861,4
33862,1
33863,3
33864,3
33865,1
33866,1
33867,4
33868,2
33869,7
33870,4
33871,6
33872,6
33873,2
33874,3
33875,9
33876,4
33877,9
33878,9
33879,1
33880,1
33881,1
33882,9
33883,6
33884,3
33885,3
33886,0
33887,1
33888,4
33889,1
33890,8
33891,9
33892,0
33893,4
33894,4
33895,5
33896,1
33897,8
33898,5
33899,3
33900,4
33901,3
33902,5
33903,1
33904,5
33905,1
33906,5
33907,3
33908,2
33909,3
33910,9
33911,7
33912,6
33913,2
33914,8
33915,1
33916,5
33917,0
33918,7
33919,8
33920,8
33921,9
33922,9
33923,8
33924,2
33925,9
33926,8
33927,8
33928,0
33929,6
33930,9
33931,3
33932,6
33933,4
33934,3
33935,0
33936,4
33937,3
33938,1
33939,8
33940,3
33941,1
33942,8
33943,7
33944,6
33945,7
33946,5
33947,0
33948,3
33949,0
33950,9
33951,8
33952,2
33953,2
33954,5
33955,7
33956,3
33957,5
33958,1
33959,1
33960,7
33961,8
33962,7
33963,9
33964,5
33965,6
33966,8
33967,1
33968,9
33969,6
33970,6
33971,3
33972,5
33973,9
33974,7
33975,4
33976,7
33977,1
33978,0
33979,5
33980,2
33981,7
33982,8
33983,1
33984,7
33985,7
33986,9
33987,3
33988,5
33989,2
33990,6
33991,9
33992,5
33993,3
33994,8
33995,2
33996,5
33997,5
33998,3
33999,7
34000,1
34001,1
34002,8
34003,1
34004,3
34005,3
34006,7
34007,8
34008,2
34009,2
34010,3
34011,9
34012,6
34013,3
34014,3
34015,8
34016,5
34017,3
34018,0
34019,9
34020,8
34021,8
34022,1
34023,1
34024,9
34025,0
34026,7
34027,7
34028,1
34029,6
34030,3
34031,7
34032,1
34033,9
34034,5
34035,2
34036,2
34037,5
34038,2
34039,1
34040,3
34041,8
34042,3
34043,9
34044,9
34045,8
34046,9
34047,4
34048,2
34049,1
34050,7
34051,2
34052,5
34053,8
34054,8
34055,7
34056,4
34057,1
34058,4
34059,8
34060,7
34061,4
34062,0
34063,1
34064,8
34065,5
34066,9
34067,5
34068,8
34069,1
34070,5
34071,0
34072,5
34073,9
34074,1
34075,7
34076,0
34077,2
34078,4
34079,2
34080,2
34081,8
34082,6
34083,6
34084,7
34085,7
34086,1
34087,9
34088,4
34089,7
34090,7
34091,2
34092,9
34093,4
34094,8
34095,9
34096,2
34097,1
34098,9
34099,6
34100,3
34101,9
34102,8
34103,7
34104,0
34105,7
34106,4
34107,0
34108,1
34109,1
34110,0
34111,1
34112,8
34113,7
34114,9
34115,1
34116,1
34117,0
34118,7
34119,0
34120,4
34121,3
34122,7
34123,7
34124,4
34125,8
34126,7
34127,1
34128,8
34129,3
34130,6
34131,7
34132,0
34133,2
34134,3
34135,8
34136,1
34137,3
34138,0
34139,2
34140,9
34141,9
34142,9
34143,0
34144,3
34145,5
34146,5
34147,3
34148,7
34149,2
34150,0
34151,3
34152,7
34153,1
34154,7
34155,2
34156,3
34157,4
34158,1
34159,2
34160,9
34161,7
34162,6
34163,0
34164,6
34165,2
34166,2
34167,4
34168,8
34169,5
34170,2
34171,7
34172,3
34173,3
34174,0
34175,8
34176,7
34177,7
34178,7
34179,0
34180,9
34181,7
34182,4
34183,7
34184,7
34185,9
34186,2
34187,9
34188,6
34189,0
34190,1
34191,1
34192,9
34193,3
34194,1
34195,0
34196,3
34197,9
34198,9
34199,9
34200,9
34201,8
34202,5
34203,6
34204,0
34205,0
34206,6
34207,3
34208,3
34209,1
34210,6
34211,4
34212,9
34213,8
34214,6
34215,1
34216,8
34217,4
34218,9
34219,6
34220,0
34221,6
34222,1
34223,2
34224,4
34225,3
34226,3
34227,6
34228,5
34229,5
34230,1
34231,5
34232,2
34233,9
34234,4
34235,5
34236,4
34237,7
34238,8
34239,2
34240,7
34241,5
34242,0
34243,2
34244,8
34245,4
34246,9
34247,8
34248,2
34249,1
34250,7
34251,5
34252,4
34253,4
34254,5
34255,6
34256,0
34257,6
34258,9
34259,1
34260,1
34261,8
34262,7
34263,9
34264,0
34265,8
34266,4
34267,1
34268,6
34269,9
34270,1
34271,1
34272,9
34273,9
34274,0
34275,3
34276,4
34277,1
34278,5
34279,2
34280,2
34281,1
34282,7
34283,1
34284,3
34285,3
34286,7
34287,5
34288,2
34289,3
34290,1
34291,2
34292,6
34293,1
34294,4
34295,6
34296,2
34297,3
34298,7
34299,3
34300,2
34301,2
34302,7
34303,2
34304,7
34305,9
34306,4
34307,7
34308,1
34309,6
34310,3
34311,4
34312,3
34313,6
34314,4
34315,0
34316,5
34317,8
34318,0
34319,3
34320,2
34321,7
34322,1
34323,8
34324,9
34325,1
34326,6
34327,6
34328,4
34329,5
34330,2
34331,2
34332,1
34333,1
34334,1
34335,1
34336,1
34337,5
34338,4
34339,5
34340,9
34341,0
34342,2
34343,0
34344,6
34345,9
34346,8
34347,2
34348,9
34349,6
34350,2
34351,0
34352,3
34353,4
34354,8
34355,2
34356,2
34357,1
34358,0
34359,3
34360,3
34361,4
34362,9
34363,1
34364,3
34365,6
34366,2
34367,9
34368,2
34369,7
34370,3
34371,6
34372,1
34373,6
34374,6
34375,2
34376,0
34377,2
34378,9
34379,7
34380,3
34381,0
34382,9
34383,5
34384,1
34385,6
34386,8
34387,9
34388,0
34389,5
34390,6
34391,1
34392,3
34393,9
34394,1
34395,9
34396,8
34397,0
34398,4
34399,4
34400,1
34401,2
34402,1
34403,1
34404,0
34405,6
34406,6
34407,5
34408,7
34409,9
34410,5
34411,6
34412,5
34413,2
34414,3
34415,7
34416,2
34417,0
34418,7
34419,1
34420,5
34421,5
34422,5
34423,3
34424,2
34425,4
34426,8
34427,8
34428,0
34429,8
34430,9
34431,0
34432,2
34433,5
34434,5
34435,9
34436,5
34437,3
34438,2
34439,0
34440,4
34441,4
34442,2
34443,1
34444,7
34445,3
34446,8
34447,7
34448,5
34449,1
34450,5
34451,4
34452,0
34453,9
34454,3
34455,0
34456,0
34457,3
34458,1
34459,0
34460,1
34461,5
34462,8
34463,8
34464,6
34465,4
34466,0
34467,5
34468,4
34469,4
34470,0
34471,0
34472,2
34473,3
34474,2
34475,3
34476,6
34477,0
34478,1
34479,1
34480,0
34481,3
34482,4
34483,4
34484,2
34485,5
34486,1
34487,6
34488,4
34489,1
34490,7
34491,7
34492,2
34493,8
34494,5
34495,9
34496,7
34497,6
34498,6
34499,0
34500,4
34501,2
34502,5
34503,7
34504,2
34505,5
34506,9
34507,7
34508,8
34509,1
34510,0
34511,0
34512,1
34513,1
34514,3
34515,0
34516,7
34517,0
34518,7
34519,4
34520,0
34521,6
34522,5
34523,1
34524,9
34525,0
34526,6
34527,9
34528,1
34529,5
34530,0
34531,0
34532,4
34533,1
34534,6
34535,6
34536,9
34537,3
34538,7
34539,4
34540,8
34541,6
34542,7
34543,2
34544,8
34545,9
34546,0
34547,3
34548,4
34549,8
34550,8
34551,6
34552,1
34553,2
34554,2
34555,4
34556,6
34557,7
34558,0
34559,6
34560,1
34561,4
34562,4
34563,8
34564,2
34565,6
34566,4
34567,4
34568,8
34569,1
34570,9
34571,7
34572,3
34573,1
34574,4
34575,9
34576,3
34577,4
34578,4
34579,3
34580,1
34581,3
34582,3
34583,9
34584,0
34585,1
34586,1
34587,8
34588,8
34589,2
34590,8
34591,9
34592,9
34593,1
34594,2
34595,2
34596,7
34597,0
34598,9
34599,6
34600,2
34601,7
34602,5
34603,5
34604,0
34605,5
34606,9
34607,9
34608,8
34609,1
34610,2
34611,3
34612,9
34613,1
34614,0
34615,0
34616,2
34617,5
34618,8
34619,9
34620,3
34621,5
34622,0
34623,9
34624,7
34625,1
34626,4
34627,5
34628,4
34629,1
34630,2
34631,2
34632,3
34633,4
34634,7
34635,6
34636,0
34637,9
34638,6
34639,5
34640,5
34641,4
34642,1
34643,4
34644,3
34645,5
34646,9
34647,3
34648,1
34649,4
34650,8
34651,7
34652,8
34653,7
34654,3
34655,8
34656,4
34657,1
34658,1
34659,9
34660,0
34661,1
34662,7
34663,2
34664,3
34665,1
34666,5
34667,0
34668,5
34669,6
34670,8
34671,1
34672,5
34673,3
34674,9
34675,5
34676,8
34677,9
34678,0
34679,4
34680,1
34681,4
34682,2
34683,4
34684,8
34685,4
34686,8
34687,4
34688,3
34689,8
34690,7
34691,0
34692,1
34693,2
34694,3
34695,6
34696,3
34697,7
34698,2
34699,3
34700,4
34701,6
34702,6
34703,4
34704,9
34705,7
34706,0
34707,1
34708,4
34709,9
34710,3
34711,1
34712,1
34713,3
34714,2
34715,1
34716,1
34717,9
34718,4
34719,0
34720,5
34721,6
34722,1
34723,3
34724,9
34725,8
34726,7
34727,9
34728,0
34729,7
34730,8
34731,2
34732,9
34733,3
34734,6
34735,0
34736,3
34737,3
34738,0
34739,8
34740,9
34741,4
34742,0
34743,1
34744,7
34745,4
34746,4
34747,8
34748,3
34749,4
34750,3
34751,6
34752,2
34753,1
34754,0
34755,4
34756,1
34757,3
34758,6
34759,3
34760,1
34761,3
34762,0
34763,8
34764,6
34765,4
34766,4
34767,8
34768,5
34769,2
34770,5
34771,6
34772,5
34773,0
34774,4
34775,7
34776,1
34777,8
34778,4
34779,3
34780,5
34781,5
34782,3
34783,6
34784,9
34785,6
34786,7
34787,2
34788,7
34789,1
34790,6
34791,5
34792,9
34793,4
34794,6
34795,6
34796,7
34797,7
34798,5
34799,4
34800,5
34801,1
34802,1
34803,5
34804,8
34805,6
34806,2
34807,4
34808,1
34809,7
34810,2
34811,6
34812,9
34813,4
34814,7
34815,4
34816,9
34817,1
34818,6
34819,3
34820,0
34821,7
34822,6
34823,3
34824,1
34825,7
34826,5
34827,5
34828,3
34829,7
34830,8
34831,7
34832,4
34833,4
34834,6
34835,5
34836,4
34837,0
34838,8
34839,2
34840,2
34841,3
34842,5
34843,8
34844,5
34845,7
34846,7
34847,2
34848,0
34849,8
34850,4
34851,2
34852,3
34853,6
34854,5
34855,9
34856,1
34857,1
34858,1
34859,5
34860,3
34861,1
34862,6
34863,5
34864,1
34865,1
34866,3
34867,7
34868,0
34869,0
34870,1
34871,5
34872,3
34873,3
34874,5
34875,6
34876,9
34877,5
34878,6
34879,3
34880,0
34881,2
34882,8
34883,4
34884,6
34885,7
34886,8
34887,0
34888,4
34889,2
34890,4
34891,7
34892,2
34893,6
34894,7
34895,1
34896,7
34897,9
34898,4
34899,2
34900,3
34901,6
34902,8
34903,1
34904,0
34905,2
34906,2
34907,0
34908,1
34909,4
34910,5
34911,0
34912,7
34913,8
34914,9
34915,9
34916,9
34917,1
34918,4
34919,1
34920,8
34921,1
34922,7
34923,4
34924,5
34925,3
34926,3
34927,0
34928,5
34929,4
34930,9
34931,3
34932,4
34933,4
34934,5
34935,0
34936,2
34937,3
34938,7
34939,7
34940,7
34941,4
34942,3
34943,3
34944,2
34945,7
34946,2
34947,2
34948,4
34949,1
34950,8
34951,7
34952,4
34953,9
34954,5
34955,5
34956,3
34957,1
34958,0
34959,6
34960,1
34961,0
34962,8
34963,8
34964,6
34965,1
34966,8
34967,7
34968,9
34969,2
34970,7
34971,4
34972,8
34973,7
34974,3
34975,5
34976,3
34977,6
34978,8
34979,3
34980,1
34981,2
34982,6
34983,5
34984,9
34985,4
34986,1
34987,2
34988,5
34989,0
34990,1
34991,2
34992,0
34993,4
34994,1
34995,4
34996,2
34997,0
34998,2
34999,9
35000,9
35001,8
35002,3
35003,4
35004,4
35005,2
35006,7
35007,3
35008,6
35009,3
35010,3
35011,8
35012,0
35013,1
35014,0
35015,2
35016,3
35017,5
35018,2
35019,0
35020,7
35021,4
35022,7
35023,3
35024,2
35025,4
35026,7
35027,6
35028,2
35029,6
35030,5
35031,2
35032,7
35033,2
35034,1
35035,4
35036,2
35037,8
35038,4
35039,2
35040,4
35041,2
35042,7
35043,3
35044,1
35045,4
35046,3
35047,7
35048,8
35049,5
35050,3
35051,8
35052,6
35053,8
35054,7
35055,4
35056,0
35057,8
35058,1
35059,6
35060,7
35061,4
35062,5
35063,3
35064,2
35065,7
35066,4
35067,8
35068,2
35069,1
35070,1
35071,4
35072,9
35073,6
35074,3
35075,9
35076,1
35077,0
35078,0
35079,9
35080,2
35081,4
35082,7
35083,0
35084,6
35085,2
35086,7
35087,4
35088,7
35089,0
35090,5
35091,5
35092,3
35093,7
35094,4
35095,3
35096,2
35097,8
35098,3
35099,0
35100,7
35101,3
35102,9
35103,2
35104,1
35105,3
35106,6
35107,1
35108,1
35109,1
35110,3
35111,8
35112,2
35113,0
35114,3
35115,7
35116,9
35117,1
35118,9
35119,3
35120,9
35121,6
35122,5
35123,9
35124,4
35125,0
35126,3
35127,7
35128,7
35129,8
35130,2
35131,5
35132,0
35133,4
35134,1
35135,7
35136,6
35137,4
35138,4
35139,8
35140,7
35141,1
35142,1
35143,9
35144,5
35145,7
35146,9
35147,0
35148,6
35149,9
35150,4
35151,8
35152,8
35153,4
35154,9
35155,7
35156,8
35157,9
35158,4
35159,2
35160,8
35161,9
35162,9
35163,6
35164,9
35165,2
35166,3
35167,4
35168,2
35169,4
35170,5
35171,5
35172,8
35173,2
35174,7
35175,0
35176,5
35177,4
35178,5
35179,9
35180,5
35181,1
35182,2
35183,3
35184,0
35185,5
35186,0
35187,7
35188,4
35189,0
35190,2
35191,4
35192,6
35193,8
35194,4
35195,3
35196,1
35197,8
35198,9
35199,9
35200,8
35201,6
35202,3
35203,4
35204,4
35205,0
35206,1
35207,2
35208,4
35209,8
35210,1
35211,7
35212,8
35213,9
35214,4
35215,0
35216,7
35217,3
35218,7
35219,3
35220,1
35221,8
35222,2
35223,5
35224,8
35225,6
35226,4
35227,7
35228,8
35229,2
35230,4
35231,4
35232,5
35233,2
35234,2
35235,2
35236,6
35237,1
35238,2
35239,7
35240,5
35241,2
35242,3
35243,1
35244,3
35245,9
35246,4
35247,2
35248,9
35249,0
35250,5
35251,0
35252,9
35253,7
35254,1
35255,1
35256,2
35257,9
35258,4
35259,9
35260,4
35261,8
35262,9
35263,8
35264,2
35265,9
35266,6
35267,9
35268,8
35269,9
35270,4
35271,7
35272,6
35273,0
35274,3
35275,3
35276,9
35277,9
35278,3
35279,0
35280,7
35281,4
35282,8
35283,2
35284,0
35285,3
35286,4
35287,0
35288,9
35289,1
35290,5
35291,9
35292,4
35293,8
35294,4
35295,5
35296,4
35297,3
35298,0
35299,7
35300,4
35301,2
35302,8
35303,4
35304,6
35305,7
35306,7
35307,4
35308,0
35309,6
35310,3
35311,1
35312,1
35313,0
35314,4
35315,5
35316,2
35317,2
35318,9
35319,8
35320,7
35321,9
35322,1
35323,4
35324,2
35325,4
35326,4
35327,0
35328,7
35329,7
35330,4
35331,2
35332,3
35333,4
35334,1
35335,7
35336,1
35337,9
35338,7
35339,4
35340,4
35341,0
35342,0
35343,6
35344,6
35345,6
35346,8
35347,2
35348,4
35349,6
35350,9
35351,2
35352,4
35353,2
35354,8
35355,2
35356,3
35357,9
35358,8
35359,0
35360,0
35361,9
35362,7
35363,9
35364,6
35365,4
35366,5
35367,4
35368,2
35369,0
35370,2
35371,3
35372,8
35373,6
35374,2
35375,3
35376,5
35377,4
35378,1
35379,2
35380,0
35381,6
35382,3
35383,4
35384,1
35385,6
35386,7
35387,1
35388,4
35389,7
35390,5
35391,0
35392,4
35393,5
35394,1
35395,6
35396,0
35397,6
35398,9
35399,7
35400,3
35401,2
35402,5
35403,1
35404,9
35405,1
35406,3
35407,9
35408,0
35409,9
35410,9
35411,1
35412,0
35413,7
35414,1
35415,5
35416,7
35417,1
35418,8
35419,1
35420,7
35421,2
35422,0
35423,8
35424,5
35425,2
35426,8
35427,8
35428,3
35429,4
35430,0
35431,4
35432,9
35433,1
35434,2
35435,7
35436,6
35437,5
35438,0
35439,2
35440,0
35441,8
35442,7
35443,1
35444,0
35445,1
35446,7
35447,4
35448,1
35449,7
35450,8
35451,9
35452,6
35453,7
35454,9
35455,9
35456,6
35457,1
35458,5
35459,0
35460,3
35461,4
35462,5
35463,8
35464,3
35465,3
35466,7
35467,3
35468,4
35469,4
35470,3
35471,4
35472,6
35473,0
35474,6
35475,3
35476,5
35477,0
35478,1
35479,6
35480,6
35481,1
35482,4
35483,9
35484,4
35485,8
35486,2
35487,2
35488,1
35489,1
35490,1
35491,4
35492,1
35493,8
35494,9
35495,0
35496,3
35497,3
35498,5
35499,4
35500,7
35501,4
35502,8
35503,9
35504,1
35505,4
35506,8
35507,8
35508,3
35509,5
35510,1
35511,6
35512,6
35513,2
35514,5
35515,9
35516,6
35517,1
35518,3
35519,9
35520,6
35521,4
35522,1
35523,9
35524,3
35525,2
35526,9
35527,6
35528,5
35529,6
35530,1
35531,6
35532,1
35533,7
35534,1
35535,7
35536,3
35537,4
35538,7
35539,7
35540,7
35541,4
35542,8
35543,4
35544,0
35545,6
35546,8
35547,8
35548,5
35549,5
35550,0
35551,4
35552,6
35553,8
35554,0
35555,8
35556,2
35557,5
35558,1
35559,0
35560,3
35561,9
35562,1
35563,5
35564,9
35565,6
35566,2
35567,7
35568,0
35569,6
35570,1
35571,9
35572,1
35573,4
35574,4
35575,2
35576,1
35577,8
35578,2
35579,2
35580,0
35581,8
35582,2
35583,9
35584,6
35585,7
35586,5
35587,5
35588,7
35589,1
35590,7
35591,3
35592,7
35593,6
35594,9
35595,0
35596,2
35597,3
35598,4
35599,0
35600,2
35601,8
35602,7
35603,4
35604,9
35605,9
35606,2
35607,0
35608,4
35609,1
35610,3
35611,9
35612,7
35613,0
35614,9
35615,6
35616,4
35617,0
35618,3
35619,4
35620,1
35621,6
35622,8
35623,3
35624,4
35625,3
35626,8
35627,2
35628,5
35629,8
35630,7
35631,8
35632,2
35633,7
35634,1
35635,0
35636,4
35637,3
35638,3
35639,7
35640,3
35641,2
35642,3
35643,8
35644,9
35645,9
35646,0
35647,9
35648,4
35649,7
35650,7
35651,3
35652,7
35653,9
35654,7
35655,3
35656,0
35657,7
35658,2
35659,3
35660,4
35661,1
35662,1
35663,3
35664,1
35665,8
35666,2
35667,9
35668,7
35669,0
35670,3
35671,6
35672,0
35673,4
35674,7
35675,4
35676,6
35677,6
35678,8
35679,7
35680,2
35681,5
35682,2
35683,4
35684,0
35685,0
35686,6
35687,1
35688,0
35689,6
35690,7
35691,7
35692,1
35693,8
35694,0
35695,9
35696,4
35697,1
35698,3
35699,3
35700,3
35701,8
35702,2
35703,2
35704,0
35705,9
35706,3
35707,2
35708,1
35709,7
35710,6
35711,9
35712,2
35713,8
35714,3
35715,3
35716,1
35717,9
35718,6
35719,1
35720,1
35721,1
35722,9
35723,5
35724,0
35725,3
35726,8
35727,7
35728,3
35729,6
35730,2
35731,4
35732,3
35733,8
35734,2
35735,7
35736,2
35737,1
35738,6
35739,2
35740,4
35741,9
35742,8
35743,6
35744,0
35745,9
35746,5
35747,3
35748,7
35749,6
35750,1
35751,7
35752,4
35753,7
35754,5
35755,4
35756,8
35757,6
35758,5
35759,2
35760,4
35761,6
35762,7
35763,3
35764,2
35765,5
35766,8
35767,6
35768,7
35769,9
35770,2
35771,1
35772,6
35773,6
35774,7
35775,0
35776,2
35777,4
35778,4
35779,2
35780,5
35781,4
35782,5
35783,6
35784,6
35785,6
35786,8
35787,0
35788,8
35789,1
35790,8
35791,5
35792,1
35793,3
35794,0
35795,7
35796,8
35797,1
35798,8
35799,3
35800,6
35801,8
35802,3
35803,0
35804,1
35805,1
35806,2
35807,5
35808,2
35809,0
35810,4
35811,3
35812,2
35813,8
35814,3
35815,1
35816,2
35817,8
35818,0
35819,6
35820,8
35821,9
35822,9
35823,6
35824,3
35825,1
35826,7
35827,8
35828,9
35829,2
35830,5
35831,1
35832,7
35833,1
35834,0
35835,6
35836,6
35837,4
35838,3
35839,9
35840,2
35841,7
35842,1
35843,4
35844,8
35845,1
35846,1
35847,0
35848,2
35849,9
35850,9
35851,7
35852,4
35853,4
35854,6
35855,8
35856,8
35857,9
35858,7
35859,4
35860,7
35861,5
35862,2
35863,6
35864,7
35865,7
35866,8
35867,3
35868,4
35869,2
35870,8
35871,2
35872,1
35873,7
35874,4
35875,7
35876,9
35877,3
35878,9
35879,1
35880,8
35881,0
35882,6
35883,0
35884,3
35885,1
35886,8
35887,7
35888,4
35889,5
35890,8
35891,8
35892,0
35893,4
35894,3
35895,9
35896,7
35897,3
35898,5
35899,8
35900,2
35901,6
35902,2
35903,3
35904,9
35905,2
35906,5
35907,3
35908,8
35909,4
35910,4
35911,2
35912,9
35913,0
35914,6
35915,3
35916,2
35917,9
35918,9
35919,0
35920,4
35921,4
35922,1
35923,8
35924,8
35925,1
35926,6
35927,6
35928,0
35929,9
35930,0
35931,7
35932,7
35933,4
35934,9
35935,1
35936,2
35937,2
35938,7
35939,1
35940,0
35941,6
35942,5
35943,9
35944,2
35945,9
35946,0
35947,5
35948,7
35949,8
35950,5
35951,6
35952,7
35953,9
35954,9
35955,2
35956,9
35957,3
35958,4
35959,0
35960,9
35961,8
35962,0
35963,9
35964,0
35965,1
35966,3
35967,4
35968,1
35969,8
35970,5
35971,8
35972,5
35973,4
35974,5
35975,5
35976,4
35977,5
35978,9
35979,5
35980,6
35981,4
35982,7
35983,1
35984,7
35985,5
35986,7
35987,1
35988,7
35989,4
35990,7
35991,6
35992,8
35993,7
35994,0
35995,1
35996,9
35997,0
35998,1
35999,3
36000,2
36001,7
36002,0
36003,1
36004,1
36005,1
36006,5
36007,1
36008,7
36009,7
36010,9
36011,3
36012,8
36013,3
36014,7
36015,0
36016,0
36017,3
36018,2
36019,6
36020,2
36021,9
36022,2
36023,4
36024,9
36025,0
36026,0
36027,4
36028,1
36029,6
36030,7
36031,0
36032,2
36033,2
36034,5
36035,8
36036,1
36037,4
36038,4
36039,9
36040,9
36041,0
36042,1
36043,3
36044,6
36045,0
36046,1
36047,5
36048,5
36049,2
36050,4
36051,3
36052,8
36053,2
36054,5
36055,5
36056,5
36057,3
36058,8
36059,6
36060,7
36061,3
36062,0
36063,1
36064,2
36065,8
36066,6
36067,7
36068,0
36069,3
36070,5
36071,4
36072,9
36073,8
36074,5
36075,1
36076,9
36077,7
36078,7
36079,2
36080,4
36081,7
36082,1
36083,8
36084,5
36085,7
36086,1
36087,7
36088,6
36089,4
36090,7
36091,9
36092,9
36093,6
36094,2
36095,5
36096,6
36097,3
36098,6
36099,8
36100,6
36101,1
36102,4
36103,8
36104,8
36105,6
36106,8
36107,7
36108,1
36109,8
36110,7
36111,7
36112,3
36113,8
36114,1
36115,2
36116,5
36117,7
36118,5
36119,6
36120,2
36121,8
36122,8
36123,2
36124,2
36125,9
36126,6
36127,8
36128,5
36129,5
36130,9
36131,7
36132,5
36133,0
36134,9
36135,8
36136,3
36137,1
36138,6
36139,2
36140,6
36141,1
36142,3
36143,7
36144,1
36145,0
36146,2
36147,4
36148,9
36149,3
36150,2
36151,2
36152,2
36153,2
36154,3
36155,3
36156,9
36157,8
36158,7
36159,4
36160,3
36161,4
36162,9
36163,1
36164,6
36165,8
36166,7
36167,8
36168,2
36169,5
36170,1
36171,3
36172,5
36173,9
36174,2
36175,6
36176,4
36177,9
36178,9
36179,2
36180,3
36181,5
36182,2
36183,8
36184,4
36185,0
36186,2
36187,4
36188,5
36189,7
36190,0
36191,6
36192,9
36193,7
36194,6
36195,0
36196,4
36197,3
36198,0
36199,6
36200,8
36201,1
36202,7
36203,2
36204,9
36205,1
36206,7
36207,6
36208,5
36209,8
36210,4
36211,2
36212,5
36213,9
36214,3
36215,8
36216,5
36217,8
36218,4
36219,8
36220,7
36221,7
36222,9
36223,3
36224,6
36225,4
36226,8
36227,7
36228,5
36229,4
36230,8
36231,2
36232,8
36233,0
36234,7
36235,2
36236,2
36237,9
36238,9
36239,1
36240,7
36241,9
36242,5
36243,0
36244,5
36245,8
36246,0
36247,2
36248,4
36249,1
36250,7
36251,0
36252,8
36253,9
36254,1
36255,9
36256,2
36257,9
36258,8
36259,8
36260,2
36261,9
36262,1
36263,0
36264,5
36265,8
36266,9
36267,0
36268,1
36269,4
36270,8
36271,4
36272,2
36273,1
36274,2
36275,1
36276,8
36277,3
36278,5
36279,2
36280,1
36281,5
36282,4
36283,3
36284,3
36285,8
36286,6
36287,2
36288,8
36289,8
36290,2
36291,0
36292,3
36293,5
36294,9
36295,6
36296,6
36297,6
36298,0
36299,7
36300,9
36301,3
36302,7
36303,4
36304,7
36305,1
36306,7
36307,2
36308,3
36309,3
36310,6
36311,6
36312,5
36313,6
36314,1
36315,0
36316,2
36317,8
36318,2
36319,3
36320,0
36321,1
36322,3
36323,7
36324,8
36325,1
36326,9
36327,2
36328,2
36329,2
36330,4
36331,5
36332,4
36333,9
36334,3
36335,1
36336,2
36337,9
36338,6
36339,2
36340,0
36341,5
36342,6
36343,3
36344,9
36345,7
36346,4
36347,6
36348,9
36349,2
36350,0
36351,4
36352,4
36353,1
36354,0
36355,9
36356,8
36357,0
36358,4
36359,0
36360,5
36361,2
36362,3
36363,9
36364,8
36365,7
36366,8
36367,4
36368,6
36369,3
36370,9
36371,4
36372,8
36373,1
36374,5
36375,4
36376,3
36377,6
36378,1
36379,4
36380,2
36381,7
36382,3
36383,6
36384,7
36385,3
36386,0
36387,2
36388,2
36389,3
36390,3
36391,3
36392,0
36393,9
36394,0
36395,4
36396,0
36397,4
36398,3
36399,3
36400,0
36401,6
36402,1
36403,5
36404,4
36405,3
36406,9
36407,9
36408,0
36409,3
36410,3
36411,8
36412,0
36413,6
36414,5
36415,3
36416,5
36417,2
36418,8
36419,7
36420,5
36421,4
36422,6
36423,3
36424,4
36425,3
36426,1
36427,7
36428,6
36429,8
36430,0
36431,5
36432,9
36433,5
36434,3
36435,5
36436,2
36437,2
36438,5
36439,5
36440,4
36441,6
36442,9
36443,0
36444,0
36445,7
36446,7
36447,0
36448,5
36449,6
36450,8
36451,3
36452,8
36453,2
36454,2
36455,8
36456,6
36457,1
36458,0
36459,2
36460,1
36461,5
36462,8
36463,1
36464,1
36465,8
36466,3
36467,5
36468,2
36469,0
36470,0
36471,1
36472,9
36473,0
36474,1
36475,0
36476,3
36477,7
36478,9
36479,9
36480,1
36481,3
36482,5
36483,2
36484,3
36485,7
36486,9
36487,1
36488,8
36489,0
36490,3
36491,4
36492,0
36493,4
36494,3
36495,6
36496,0
36497,3
36498,3
36499,2
36500,1
36501,4
36502,0
36503,0
36504,5
36505,5
36506,0
36507,1
36508,7
36509,9
36510,3
36511,8
36512,5
36513,6
36514,3
36515,1
36516,1
36517,3
36518,3
36519,8
36520,6
36521,4
36522,6
36523,2
36524,3
36525,6
36526,0
36527,5
36528,6
36529,1
36530,4
36531,3
36532,6
36533,2
36534,0
36535,7
36536,1
36537,7
36538,8
36539,5
36540,1
36541,9
36542,8
36543,3
36544,4
36545,3
36546,4
36547,5
36548,5
36549,8
36550,8
36551,7
36552,7
36553,6
36554,1
36555,0
36556,2
36557,4
36558,4
36559,2
36560,9
36561,9
36562,3
36563,7
36564,0
36565,0
36566,7
36567,1
36568,5
36569,0
36570,8
36571,2
36572,1
36573,1
36574,4
36575,5
36576,1
36577,3
36578,2
36579,0
36580,2
36581,2
36582,5
36583,1
36584,9
36585,0
36586,2
36587,9
36588,5
36589,5
36590,7
36591,0
36592,1
36593,3
36594,9
36595,1
36596,4
36597,1
36598,2
36599,9
36600,7
36601,7
36602,5
36603,4
36604,5
36605,5
36606,1
36607,9
36608,6
36609,2
36610,9
36611,8
36612,1
36613,4
36614,9
36615,1
36616,7
36617,9
36618,2
36619,1
36620,9
36621,7
36622,6
36623,9
36624,9
36625,2
36626,9
36627,7
36628,7
36629,8
36630,6
36631,1
36632,2
36633,4
36634,3
36635,0
36636,3
36637,1
36638,0
36639,3
36640,4
36641,5
36642,9
36643,1
36644,4
36645,7
36646,1
36647,6
36648,9
36649,9
36650,0
36651,4
36652,0
36653,0
36654,3
36655,6
36656,2
36657,0
36658,0
36659,2
36660,6
36661,8
36662,2
36663,2
36664,1
36665,7
36666,6
36667,8
36668,1
36669,0
36670,8
36671,9
36672,5
36673,9
36674,8
36675,5
36676,9
36677,3
36678,0
36679,2
36680,6
36681,2
36682,6
36683,5
36684,0
36685,5
36686,5
36687,3
36688,9
36689,2
36690,6
36691,7
36692,1
36693,2
36694,3
36695,1
36696,6
36697,4
36698,0
36699,6
36700,0
36701,3
36702,3
36703,1
36704,1
36705,4
36706,0
36707,2
36708,4
36709,6
36710,4
36711,9
36712,4
36713,7
36714,4
36715,1
36716,5
36717,9
36718,1
36719,0
36720,8
36721,1
36722,9
36723,3
36724,2
36725,8
36726,3
36727,7
36728,9
36729,4
36730,9
36731,9
36732,0
36733,2
36734,3
36735,9
36736,8
36737,3
36738,2
36739,6
36740,3
36741,3
36742,8
36743,4
36744,7
36745,4
36746,2
36747,4
36748,1
36749,3
36750,4
36751,6
36752,7
36753,0
36754,6
36755,3
36756,0
36757,8
36758,1
36759,0
36760,4
36761,3
36762,7
36763,3
36764,4
36765,4
36766,2
36767,2
36768,7
36769,4
36770,5
36771,2
36772,5
36773,8
36774,6
36775,3
36776,0
36777,1
36778,6
36779,6
36780,3
36781,3
36782,8
36783,8
36784,3
36785,5
36786,3
36787,5
36788,0
36789,9
36790,1
36791,1
36792,4
36793,4
36794,2
36795,0
36796,8
36797,1
36798,9
36799,2
36800,9
36801,8
36802,1
36803,6
36804,4
36805,0
36806,6
36807,8
36808,9
36809,4
36810,9
36811,4
36812,4
36813,0
36814,2
36815,7
36816,6
36817,9
36818,2
36819,3
36820,2
36821,2
36822,4
36823,8
36824,2
36825,1
36826,3
36827,6
36828,0
36829,2
36830,4
36831,7
36832,6
36833,6
36834,5
36835,8
36836,9
36837,7
36838,0
36839,9
36840,7
36841,9
36842,6
36843,5
36844,2
36845,8
36846,9
36847,7
36848,6
36849,9
36850,3
36851,6
36852,4
36853,2
36854,9
36855,5
36856,6
36857,4
36858,1
36859,6
36860,9
36861,7
36862,3
36863,6
36864,0
36865,1
36866,4
36867,1
36868,9
36869,8
36870,2
36871,4
36872,5
36873,3
36874,1
36875,0
36876,4
36877,0
36878,3
36879,0
36880,7
36881,5
36882,4
36883,3
36884,5
36885,0
36886,5
36887,0
36888,2
36889,6
36890,8
36891,3
36892,1
36893,1
36894,8
36895,2
36896,5
36897,8
36898,5
36899,8
36900,7
36901,7
36902,1
36903,1
36904,1
36905,7
36906,8
36907,3
36908,9
36909,1
36910,9
36911,2
36912,0
36913,1
36914,0
36915,1
36916,8
36917,8
36918,0
36919,6
36920,4
36921,8
36922,3
36923,2
36924,7
36925,3
36926,0
36927,5
36928,7
36929,2
36930,8
36931,5
36932,9
36933,2
36934,9
36935,6
36936,4
36937,6
36938,1
36939,0
36940,8
36941,4
36942,0
36943,0
36944,6
36945,0
36946,7
36947,1
36948,9
36949,4
36950,5
36951,3
36952,8
36953,8
36954,3
36955,1
36956,7
36957,6
36958,6
36959,5
36960,3
36961,6
36962,5
36963,1
36964,5
36965,4
36966,1
36967,9
36968,4
36969,3
36970,0
36971,3
36972,3
36973,5
36974,6
36975,2
36976,6
36977,1
36978,1
36979,2
36980,7
36981,6
36982,8
36983,1
36984,1
36985,8
36986,1
36987,0
36988,3
36989,0
36990,5
36991,8
36992,7
36993,7
36994,2
36995,7
36996,5
36997,1
36998,3
36999,1
37000,0
37001,9
37002,6
37003,1
37004,1
37005,2
37006,8
37007,7
37008,4
37009,1
37010,0
37011,0
37012,8
37013,7
37014,4
37015,8
37016,9
37017,4
37018,7
37019,9
37020,9
37021,2
37022,1
37023,1
37024,1
37025,4
37026,5
37027,6
37028,0
37029,9
37030,7
37031,9
37032,9
37033,8
37034,4
37035,1
37036,8
37037,1
37038,0
37039,0
37040,8
37041,7
37042,4
37043,1
37044,8
37045,3
37046,9
37047,3
37048,9
37049,0
37050,3
37051,6
37052,2
37053,6
37054,4
37055,7
37056,4
37057,0
37058,9
37059,8
37060,1
37061,2
37062,8
37063,8
37064,6
37065,0
37066,9
37067,8
37068,2
37069,0
37070,8
37071,5
37072,7
37073,3
37074,0
37075,1
37076,8
37077,7
37078,7
37079,8
37080,6
37081,1
37082,1
37083,6
37084,6
37085,5
37086,1
37087,3
37088,4
37089,2
37090,7
37091,0
37092,4
37093,6
37094,3
37095,9
37096,0
37097,5
37098,4
37099,1
37100,6
37101,4
37102,0
37103,4
37104,3
37105,7
37106,5
37107,3
37108,1
37109,7
37110,8
37111,6
37112,8
37113,3
37114,4
37115,2
37116,7
37117,3
37118,2
37119,8
37120,3
37121,7
37122,6
37123,1
37124,8
37125,9
37126,2
37127,3
37128,1
37129,9
37130,8
37131,0
37132,7
37133,8
37134,2
37135,7
37136,4
37137,2
37138,1
37139,3
37140,1
37141,6
37142,7
37143,3
37144,4
37145,1
37146,2
37147,2
37148,1
37149,3
37150,1
37151,2
37152,0
37153,2
37154,5
37155,4
37156,2
37157,6
37158,5
37159,7
37160,4
37161,4
37162,6
37163,7
37164,8
37165,6
37166,1
37167,6
37168,5
37169,5
37170,1
37171,3
37172,2
37173,9
37174,5
37175,5
37176,3
37177,3
37178,0
37179,9
37180,3
37181,4
37182,5
37183,0
37184,1
37185,3
37186,5
37187,7
37188,3
37189,6
37190,6
37191,6
37192,5
37193,8
37194,4
37195,2
37196,1
37197,7
37198,8
37199,4
37200,4
37201,7
37202,0
37203,9
37204,7
37205,0
37206,3
37207,3
37208,3
37209,0
37210,5
37211,9
37212,2
37213,8
37214,9
37215,4
37216,4
37217,1
37218,3
37219,9
37220,3
37221,2
37222,5
37223,7
37224,2
37225,5
37226,2
37227,7
37228,6
37229,4
37230,4
37231,2
37232,6
37233,1
37234,6
37235,9
37236,7
37237,6
37238,7
37239,4
37240,5
37241,0
37242,9
37243,5
37244,0
37245,9
37246,6
37247,9
37248,9
37249,4
37250,0
37251,6
37252,4
37253,4
37254,3
37255,0
37256,1
37257,0
37258,1
37259,4
37260,7
37261,0
37262,0
37263,4
37264,7
37265,0
37266,8
37267,2
37268,2
37269,8
37270,8
37271,6
37272,3
37273,5
37274,7
37275,9
37276,2
37277,2
37278,2
37279,2
37280,6
37281,5
37282,5
37283,6
37284,5
37285,7
37286,2
37287,1
37288,6
37289,1
37290,4
37291,0
37292,8
37293,7
37294,8
37295,6
37296,3
37297,2
37298,2
37299,1
37300,0
37301,7
37302,0
37303,7
37304,6
37305,8
37306,3
37307,6
37308,5
37309,3
37310,9
37311,9
37312,1
37313,9
37314,6
37315,8
37316,9
37317,5
37318,8
37319,3
37320,1
37321,5
37322,3
37323,4
37324,3
37325,3
37326,0
37327,8
37328,6
37329,2
37330,0
37331,5
37332,8
37333,4
37334,3
37335,6
37336,0
37337,4
37338,7
37339,4
37340,9
37341,6
37342,7
37343,6
37344,9
37345,1
37346,7
37347,6
37348,2
37349,4
37350,3
37351,3
37352,7
37353,1
37354,9
37355,3
37356,1
37357,7
37358,1
37359,8
37360,1
37361,9
37362,1
37363,8
37364,5
37365,0
37366,7
37367,7
37368,3
37369,0
37370,6
37371,1
37372,5
37373,2
37374,3
37375,1
37376,6
37377,3
37378,4
37379,8
37380,5
37381,8
37382,2
37383,6
37384,3
37385,5
37386,4
37387,5
37388,8
37389,8
37390,7
37391,4
37392,1
37393,6
37394,3
37395,4
37396,4
37397,0
37398,0
37399,7
37400,4
37401,2
37402,6
37403,4
37404,0
37405,3
37406,6
37407,9
37408,7
37409,0
37410,9
37411,8
37412,7
37413,4
37414,7
37415,4
37416,1
37417,0
37418,3
37419,4
37420,4
37421,2
37422,5
37423,2
37424,3
37425,6
37426,1
37427,9
37428,6
37429,1
37430,3
37431,4
37432,0
37433,2
37434,8
37435,9
37436,4
37437,5
37438,9
37439,6
37440,1
37441,6
37442,4
37443,6
37444,5
37445,1
37446,2
37447,2
37448,8
37449,4
37450,9
37451,3
37452,8
37453,3
37454,9
37455,6
37456,9
37457,6
37458,9
37459,4
37460,3
37461,2
37462,8
37463,3
37464,2
37465,7
37466,7
37467,5
37468,8
37469,0
37470,6
37471,2
37472,3
37473,5
37474,9
37475,2
37476,2
37477,0
37478,2
37479,9
37480,0
37481,0
37482,1
37483,7
37484,7
37485,7
37486,5
37487,1
37488,5
37489,2
37490,0
37491,9
37492,8
37493,1
37494,6
37495,8
37496,3
37497,2
37498,8
37499,1
37500,9
37501,1
37502,5
37503,9
37504,8
37505,6
37506,8
37507,5
37508,2
37509,5
37510,6
37511,3
37512,5
37513,4
37514,4
37515,8
37516,0
37517,7
37518,1
37519,6
37520,2
37521,7
37522,9
37523,0
37524,6
37525,4
37526,8
37527,7
37528,9
37529,0
37530,7
37531,2
37532,6
37533,4
37534,1
37535,1
37536,6
37537,2
37538,8
37539,8
37540,9
37541,8
37542,1
37543,2
37544,3
37545,2
37546,7
37547,5
37548,9
37549,7
37550,9
37551,2
37552,4
37553,9
37554,5
37555,0
37556,5
37557,9
37558,4
37559,5
37560,3
37561,1
37562,6
37563,2
37564,5
37565,4
37566,6
37567,0
37568,2
37569,7
37570,2
37571,9
37572,3
37573,1
37574,4
37575,0
37576,1
37577,4
37578,6
37579,5
37580,2
37581,7
37582,8
37583,6
37584,6
37585,3
37586,7
37587,7
37588,4
37589,6
37590,8
37591,3
37592,2
37593,2
37594,0
37595,9
37596,4
37597,4
37598,8
37599,8
37600,3
37601,8
37602,8
37603,4
37604,1
37605,6
37606,9
37607,9
37608,2
37609,3
37610,2
37611,6
37612,1
37613,8
37614,1
37615,3
37616,6
37617,4
37618,5
37619,5
37620,0
37621,2
37622,9
37623,3
37624,9
37625,7
37626,0
37627,8
37628,2
37629,8
37630,2
37631,7
37632,4
37633,5
37634,1
37635,6
37636,8
37637,8
37638,2
37639,2
37640,7
37641,5
37642,5
37643,1
37644,3
37645,3
37646,1
37647,6
37648,5
37649,1
37650,9
37651,8
37652,7
37653,4
37654,9
37655,4
37656,1
37657,2
37658,4
37659,4
37660,1
37661,8
37662,5
37663,1
37664,2
37665,7
37666,0
37667,0
37668,3
37669,5
37670,7
37671,5
37672,5
37673,6
37674,8
37675,7
37676,7
37677,4
37678,4
37679,3
37680,2
37681,6
37682,4
37683,3
37684,4
37685,1
37686,3
37687,9
37688,0
37689,5
37690,3
37691,3
37692,0
37693,1
37694,6
37695,6
37696,4
37697,7
37698,3
37699,9
37700,7
37701,6
37702,8
37703,7
37704,1
37705,8
37706,2
37707,0
37708,5
37709,1
37710,5
37711,0
37712,8
37713,2
37714,2
37715,5
37716,7
37717,9
37718,7
37719,2
37720,2
37721,5
37722,0
37723,7
37724,3
37725,0
37726,9
37727,0
37728,7
37729,6
37730,8
37731,3
37732,3
37733,7
37734,3
37735,2
37736,0
37737,5
37738,2
37739,8
37740,8
37741,2
37742,8
37743,0
37744,9
37745,9
37746,8
37747,7
37748,8
37749,8
37750,2
37751,8
37752,0
37753,1
37754,6
37755,5
37756,2
37757,4
37758,2
37759,9
37760,3
37761,9
37762,4
37763,8
37764,5
37765,5
37766,3
37767,3
37768,1
37769,9
37770,7
37771,6
37772,4
37773,5
37774,4
37775,8
37776,1
37777,4
37778,3
37779,7
37780,6
37781,1
37782,2
37783,2
37784,9
37785,7
37786,9
37787,2
37788,5
37789,3
37790,1
37791,8
37792,5
37793,9
37794,0
37795,2
37796,7
37797,2
37798,7
37799,3
37800,2
37801,8
37802,4
37803,7
37804,0
37805,1
37806,5
37807,7
37808,8
37809,2
37810,3
37811,4
37812,9
37813,1
37814,2
37815,1
37816,1
37817,0
37818,9
37819,0
37820,7
37821,8
37822,5
37823,1
37824,3
37825,9
37826,3
37827,1
37828,5
37829,5
37830,3
37831,4
37832,3
37833,8
37834,4
37835,7
37836,0
37837,8
37838,3
37839,7
37840,0
37841,4
37842,7
37843,6
37844,9
37845,5
37846,2
37847,6
37848,5
37849,6
37850,9
37851,8
37852,1
37853,5
37854,6
37855,1
37856,2
37857,3
37858,9
37859,7
37860,3
37861,3
37862,0
37863,1
37864,8
37865,0
37866,7
37867,3
37868,5
37869,5
37870,4
37871,3
37872,5
37873,4
37874,7
37875,2
37876,1
37877,4
37878,4
37879,8
37880,0
37881,8
37882,0
37883,0
37884,0
37885,8
37886,2
37887,9
37888,7
37889,4
37890,3
37891,4
37892,9
37893,2
37894,3
37895,6
37896,8
37897,5
37898,1
37899,0
37900,0
37901,8
37902,0
37903,0
37904,4
37905,6
37906,4
37907,5
37908,8
37909,9
37910,9
37911,6
37912,1
37913,3
37914,7
37915,1
37916,2
37917,2
37918,3
37919,1
37920,4
37921,2
37922,1
37923,5
37924,9
37925,9
37926,2
37927,2
37928,7
37929,5
37930,1
37931,2
37932,7
37933,2
37934,6
37935,1
37936,8
37937,0
37938,9
37939,2
37940,4
37941,2
37942,7
37943,3
37944,8
37945,8
37946,9
37947,8
37948,8
37949,6
37950,3
37951,5
37952,3
37953,7
37954,5
37955,8
37956,8
37957,7
37958,8
37959,4
37960,9
37961,6
37962,0
37963,0
37964,7
37965,2
37966,9
37967,5
37968,1
37969,6
37970,5
37971,6
37972,3
37973,0
37974,4
37975,3
37976,4
37977,2
37978,8
37979,3
37980,5
37981,2
37982,3
37983,3
37984,5
37985,2
37986,4
37987,3
37988,6
37989,6
37990,7
37991,1
37992,0
37993,2
37994,1
37995,6
37996,8
37997,3
37998,0
37999,5
38000,2
38001,1
38002,1
38003,1
38004,6
38005,4
38006,4
38007,4
38008,2
38009,9
38010,8
38011,3
38012,3
38013,8
38014,0
38015,1
38016,1
38017,7
38018,1
38019,9
38020,7
38021,9
38022,9
38023,2
38024,3
38025,0
38026,4
38027,3
38028,5
38029,9
38030,8
38031,1
38032,8
38033,6
38034,0
38035,0
38036,1
38037,0
38038,7
38039,4
38040,3
38041,4
38042,6
38043,8
38044,9
38045,3
38046,0
38047,0
38048,7
38049,6
38050,7
38051,2
38052,5
38053,2
38054,6
38055,5
38056,1
38057,6
38058,4
38059,1
38060,0
38061,9
38062,6
38063,7
38064,5
38065,2
38066,4
38067,1
38068,4
38069,3
38070,7
38071,3
38072,8
38073,4
38074,4
38075,1
38076,8
38077,2
38078,3
38079,6
38080,4
38081,5
38082,2
38083,3
38084,2
38085,9
38086,5
38087,1
38088,9
38089,1
38090,1
38091,6
38092,9
38093,4
38094,9
38095,7
38096,4
38097,2
38098,0
38099,8
38100,9
38101,4
38102,1
38103,4
38104,9
38105,1
38106,6
38107,5
38108,3
38109,9
38110,7
38111,6
38112,3
38113,5
38114,0
38115,9
38116,0
38117,9
38118,1
38119,5
38120,6
38121,8
38122,6
38123,5
38124,7
38125,2
38126,8
38127,9
38128,4
38129,3
38130,0
38131,3
38132,7
38133,5
38134,0
38135,1
38136,5
38137,2
38138,9
38139,4
38140,7
38141,0
38142,8
38143,2
38144,4
38145,7
38146,7
38147,1
38148,8
38149,4
38150,5
38151,6
38152,7
38153,2
38154,3
38155,9
38156,0
38157,8
38158,8
38159,9
38160,0
38161,2
38162,2
38163,7
38164,0
38165,4
38166,8
38167,5
38168,1
38169,0
38170,2
38171,3
38172,8
38173,9
38174,7
38175,0
38176,5
38177,8
38178,4
38179,9
38180,3
38181,5
38182,0
38183,0
38184,3
38185,7
38186,5
38187,7
38188,3
38189,1
38190,8
38191,7
38192,9
38193,8
38194,6
38195,2
38196,2
38197,8
38198,1
38199,0
38200,1
38201,4
38202,6
38203,1
38204,6
38205,6
38206,2
38207,3
38208,6
38209,1
38210,9
38211,5
38212,5
38213,9
38214,3
38215,3
38216,3
38217,3
38218,6
38219,4
38220,8
38221,4
38222,9
38223,4
38224,1
38225,1
38226,3
38227,9
38228,2
38229,4
38230,1
38231,2
38232,6
38233,4
38234,4
38235,6
38236,6
38237,8
38238,7
38239,6
38240,4
38241,1
38242,1
38243,1
38244,1
38245,4
38246,2
38247,0
38248,3
38249,0
38250,0
38251,6
38252,5
38253,9
38254,1
38255,7
38256,4
38257,7
38258,0
38259,2
38260,5
38261,1
38262,3
38263,8
38264,8
38265,3
38266,3
38267,9
38268,9
38269,4
38270,8
38271,0
38272,3
38273,4
38274,2
38275,5
38276,0
38277,2
38278,8
38279,5
38280,1
38281,9
38282,5
38283,1
38284,1
38285,0
38286,4
38287,8
38288,6
38289,6
38290,7
38291,4
38292,3
38293,9
38294,2
38295,1
38296,0
38297,5
38298,7
38299,0
38300,1
38301,6
38302,6
38303,9
38304,0
38305,6
38306,6
38307,0
38308,0
38309,2
38310,1
38311,6
38312,9
38313,4
38314,0
38315,8
38316,1
38317,0
38318,7
38319,9
38320,3
38321,0
38322,8
38323,5
38324,1
38325,6
38326,8
38327,1
38328,2
38329,2
38330,6
38331,0
38332,7
38333,4
38334,5
38335,3
38336,4
38337,2
38338,3
38339,5
38340,4
38341,6
38342,3
38343,1
38344,5
38345,5
38346,1
38347,0
38348,5
38349,8
38350,0
38351,5
38352,0
38353,9
38354,8
38355,4
38356,4
38357,9
38358,2
38359,5
38360,9
38361,3
38362,8
38363,4
38364,5
38365,7
38366,3
38367,8
38368,4
38369,4
38370,2
38371,8
38372,3
38373,5
38374,9
38375,0
38376,4
38377,1
38378,0
38379,7
38380,8
38381,9
38382,7
38383,9
38384,1
38385,5
38386,4
38387,2
38388,0
38389,2
38390,6
38391,0
38392,3
38393,5
38394,2
38395,9
38396,0
38397,6
38398,7
38399,5
38400,6
38401,2
38402,0
38403,5
38404,8
38405,8
38406,9
38407,4
38408,5
38409,4
38410,4
38411,1
38412,2
38413,4
38414,6
38415,6
38416,7
38417,4
38418,0
38419,8
38420,4
38421,6
38422,5
38423,4
38424,2
38425,3
38426,6
38427,8
38428,6
38429,4
38430,2
38431,3
38432,2
38433,1
38434,2
38435,1
38436,5
38437,2
38438,4
38439,5
38440,1
38441,5
38442,2
38443,4
38444,3
38445,8
38446,1
38447,0
38448,7
38449,4
38450,1
38451,7
38452,4
38453,5
38454,1
38455,3
38456,7
38457,9
38458,2
38459,5
38460,9
38461,0
38462,1
38463,7
38464,8
38465,8
38466,7
38467,8
38468,7
38469,6
38470,0
38471,6
38472,8
38473,0
38474,3
38475,4
38476,3
38477,4
38478,1
38479,8
38480,6
38481,6
38482,2
38483,2
38484,6
38485,2
38486,5
38487,4
38488,7
38489,2
38490,4
38491,0
38492,9
38493,5
38494,2
38495,9
38496,8
38497,3
38498,6
38499,1
38500,6
38501,7
38502,5
38503,5
38504,4
38505,1
38506,8
38507,0
38508,9
38509,7
38510,0
38511,0
38512,7
38513,0
38514,8
38515,6
38516,7
38517,7
38518,2
38519,6
38520,0
38521,9
38522,1
38523,3
38524,6
38525,5
38526,6
38527,8
38528,0
38529,0
38530,7
38531,2
38532,7
38533,9
38534,0
38535,3
38536,1
38537,0
38538,6
38539,3
38540,7
38541,3
38542,1
38543,8
38544,2
38545,2
38546,5
38547,3
38548,9
38549,5
38550,2
38551,1
38552,7
38553,4
38554,4
38555,1
38556,0
38557,6
38558,4
38559,6
38560,4
38561,5
38562,0
38563,1
38564,0
38565,8
38566,8
38567,1
38568,4
38569,9
38570,0
38571,6
38572,1
38573,0
38574,3
38575,4
38576,0
38577,4
38578,7
38579,6
38580,1
38581,1
38582,6
38583,9
38584,4
38585,5
38586,1
38587,0
38588,2
38589,9
38590,0
38591,5
38592,7
38593,4
38594,3
38595,0
38596,7
38597,1
38598,8
38599,4
38600,0
38601,8
38602,8
38603,1
38604,1
38605,1
38606,7
38607,4
38608,0
38609,6
38610,3
38611,9
38612,9
38613,6
38614,0
38615,1
38616,5
38617,9
38618,5
38619,8
38620,0
38621,2
38622,0
38623,6
38624,6
38625,8
38626,7
38627,6
38628,4
38629,8
38630,7
38631,6
38632,2
38633,3
38634,2
38635,7
38636,5
38637,3
38638,9
38639,4
38640,9
38641,2
38642,8
38643,1
38644,5
38645,7
38646,0
38647,3
38648,3
38649,5
38650,6
38651,3
38652,9
38653,8
38654,1
38655,6
38656,2
38657,1
38658,3
38659,2
38660,4
38661,3
38662,0
38663,5
38664,7
38665,3
38666,9
38667,0
38668,7
38669,4
38670,1
38671,5
38672,5
38673,7
38674,4
38675,1
38676,0
38677,7
38678,6
38679,0
38680,7
38681,8
38682,1
38683,6
38684,2
38685,5
38686,0
38687,1
38688,3
38689,2
38690,3
38691,9
38692,4
38693,4
38694,4
38695,7
38696,9
38697,6
38698,0
38699,9
38700,3
38701,3
38702,0
38703,9
38704,0
38705,6
38706,6
38707,5
38708,1
38709,3
38710,7
38711,6
38712,7
38713,2
38714,0
38715,1
38716,4
38717,1
38718,8
38719,0
38720,0
38721,8
38722,7
38723,4
38724,8
38725,3
38726,4
38727,1
38728,5
38729,9
38730,5
38731,3
38732,9
38733,0
38734,4
38735,6
38736,8
38737,4
38738,5
38739,2
38740,8
38741,3
38742,5
38743,0
38744,9
38745,0
38746,0
38747,5
38748,0
38749,8
38750,7
38751,7
38752,1
38753,1
38754,1
38755,7
38756,5
38757,3
38758,1
38759,0
38760,7
38761,0
38762,2
38763,8
38764,0
38765,5
38766,0
38767,6
38768,7
38769,0
38770,8
38771,9
38772,7
38773,8
38774,4
38775,6
38776,8
38777,8
38778,3
38779,9
38780,6
38781,5
38782,7
38783,1
38784,8
38785,0
38786,5
38787,1
38788,9
38789,2
38790,3
38791,1
38792,6
38793,7
38794,7
38795,3
38796,0
38797,2
38798,4
38799,9
38800,3
38801,1
38802,6
38803,7
38804,9
38805,9
38806,0
38807,8
38808,4
38809,0
38810,8
38811,3
38812,4
38813,2
38814,5
38815,7
38816,1
38817,5
38818,2
38819,3
38820,3
38821,8
38822,3
38823,0
38824,9
38825,4
38826,0
38827,9
38828,0
38829,9
38830,2
38831,3
38832,1
38833,4
38834,4
38835,3
38836,4
38837,2
38838,6
38839,4
38840,5
38841,8
38842,4
38843,2
38844,7
38845,1
38846,7
38847,5
38848,7
38849,2
38850,7
38851,4
38852,5
38853,3
38854,7
38855,6
38856,2
38857,5
38858,8
38859,9
38860,8
38861,3
38862,9
38863,8
38864,4
38865,3
38866,7
38867,0
38868,3
38869,6
38870,6
38871,2
38872,8
38873,9
38874,8
38875,8
38876,6
38877,1
38878,6
38879,2
38880,5
38881,5
38882,1
38883,7
38884,8
38885,5
38886,0
38887,5
38888,4
38889,6
38890,4
38891,6
38892,8
38893,2
38894,2
38895,3
38896,0
38897,5
38898,7
38899,0
38900,4
38901,4
38902,5
38903,4
38904,2
38905,9
38906,3
38907,2
38908,6
38909,7
38910,6
38911,3
38912,4
38913,0
38914,9
38915,9
38916,2
38917,6
38918,6
38919,1
38920,9
38921,2
38922,8
38923,2
38924,5
38925,3
38926,5
38927,2
38928,9
38929,5
38930,9
38931,1
38932,5
38933,8
38934,4
38935,9
38936,7
38937,7
38938,3
38939,1
38940,1
38941,3
38942,0
38943,1
38944,4
38945,6
38946,7
38947,6
38948,8
38949,0
38950,0
38951,0
38952,2
38953,8
38954,4
38955,7
38956,5
38957,5
38958,8
38959,0
38960,8
38961,7
38962,7
38963,9
38964,0
38965,0
38966,9
38967,5
38968,7
38969,4
38970,9
38971,1
38972,8
38973,1
38974,7
38975,2
38976,2
38977,9
38978,5
38979,1
38980,7
38981,6
38982,8
38983,6
38984,8
38985,6
38986,9
38987,9
38988,3
38989,9
38990,8
38991,4
38992,2
38993,0
38994,9
38995,9
38996,1
38997,0
38998,0
38999,2
39000,3
39001,3
39002,0
39003,2
39004,4
39005,4
39006,1
39007,2
39008,0
39009,0
39010,0
39011,2
39012,9
39013,9
39014,3
39015,6
39016,4
39017,4
39018,2
39019,1
39020,6
39021,9
39022,5
39023,2
39024,3
39025,3
39026,5
39027,8
39028,8
39029,5
39030,0
39031,8
39032,4
39033,0
39034,8
39035,8
39036,9
39037,7
39038,1
39039,3
39040,5
39041,9
39042,0
39043,0
39044,7
39045,9
39046,1
39047,3
39048,9
39049,4
39050,4
39051,7
39052,2
39053,9
39054,0
39055,4
39056,4
39057,2
39058,7
39059,5
39060,7
39061,8
39062,3
39063,9
39064,6
39065,3
39066,1
39067,7
39068,8
39069,3
39070,4
39071,4
39072,7
39073,6
39074,0
39075,3
39076,3
39077,0
39078,7
39079,7
39080,6
39081,8
39082,5
39083,4
39084,9
39085,1
39086,9
39087,1
39088,8
39089,0
39090,6
39091,9
39092,1
39093,8
39094,2
39095,4
39096,0
39097,6
39098,2
39099,8
39100,1
39101,4
39102,4
39103,1
39104,2
39105,5
39106,9
39107,8
39108,3
39109,9
39110,5
39111,5
39112,8
39113,5
39114,4
39115,2
39116,5
39117,8
39118,8
39119,1
39120,8
39121,6
39122,7
39123,9
39124,9
39125,0
39126,9
39127,0
39128,6
39129,3
39130,9
39131,2
39132,5
39133,0
39134,1
39135,4
39136,7
39137,8
39138,6
39139,8
39140,8
39141,0
39142,9
39143,3
39144,1
39145,4
39146,3
39147,3
39148,6
39149,3
39150,8
39151,0
39152,6
39153,6
39154,9
39155,5
39156,3
39157,7
39158,7
39159,4
39160,6
39161,7
39162,7
39163,6
39164,5
39165,9
39166,6
39167,9
39168,8
39169,7
39170,1
39171,8
39172,4
39173,6
39174,3
39175,5
39176,5
39177,6
39178,7
39179,5
39180,9
39181,2
39182,1
39183,0
39184,9
39185,6
39186,1
39187,9
39188,7
39189,2
39190,2
39191,9
39192,5
39193,3
39194,6
39195,8
39196,6
39197,9
39198,6
39199,2
39200,8
39201,9
39202,4
39203,8
39204,6
39205,7
39206,7
39207,7
39208,2
39209,1
39210,0
39211,7
39212,1
39213,5
39214,5
39215,8
39216,7
39217,9
39218,8
39219,8
39220,0
39221,4
39222,5
39223,8
39224,0
39225,5
39226,9
39227,8
39228,6
39229,6
39230,8
39231,1
39232,7
39233,7
39234,5
39235,4
39236,3
39237,9
39238,6
39239,1
39240,1
39241,6
39242,8
39243,9
39244,8
39245,7
39246,3
39247,6
39248,0
39249,3
39250,7
39251,8
39252,7
39253,7
39254,0
39255,8
39256,7
39257,2
39258,5
39259,4
39260,8
39261,1
39262,7
39263,1
39264,5
39265,1
39266,8
39267,7
39268,3
39269,3
39270,5
39271,9
39272,1
39273,4
39274,3
39275,0
39276,4
39277,7
39278,5
39279,9
39280,0
39281,2
39282,7
39283,4
39284,9
39285,1
39286,8
39287,7
39288,9
39289,2
39290,8
39291,5
39292,7
39293,9
39294,5
39295,3
39296,9
39297,9
39298,3
39299,5
39300,7
39301,9
39302,1
39303,9
39304,8
39305,0
39306,0
39307,5
39308,9
39309,6
39310,2
39311,3
39312,2
39313,0
39314,9
39315,2
39316,8
39317,2
39318,7
39319,8
39320,7
39321,0
39322,1
39323,4
39324,2
39325,0
39326,9
39327,0
39328,2
39329,0
39330,8
39331,5
39332,5
39333,7
39334,9
39335,4
39336,6
39337,3
39338,7
39339,5
39340,0
39341,9
39342,8
39343,4
39344,1
39345,3
39346,2
39347,2
39348,2
39349,1
39350,7
39351,7
39352,6
39353,4
39354,1
39355,5
39356,9
39357,3
39358,2
39359,6
39360,2
39361,4
39362,8
39363,1
39364,7
39365,8
39366,3
39367,7
39368,5
39369,0
39370,4
39371,9
39372,6
39373,8
39374,0
39375,3
39376,9
39377,7
39378,9
39379,2
39380,1
39381,8
39382,9
39383,8
39384,9
39385,7
39386,7
39387,0
39388,3
39389,7
39390,3
39391,7
39392,9
39393,7
39394,9
39395,0
39396,9
39397,2
39398,1
39399,3
39400,9
39401,4
39402,1
39403,3
39404,5
39405,3
39406,6
39407,4
39408,3
39409,7
39410,7
39411,0
39412,0
39413,8
39414,2
39415,2
39416,2
39417,4
39418,7
39419,9
39420,7
39421,6
39422,7
39423,7
39424,7
39425,6
39426,7
39427,7
39428,8
39429,1
39430,5
39431,9
39432,6
39433,5
39434,0
39435,4
39436,8
39437,4
39438,3
39439,0
39440,5
39441,0
39442,1
39443,3
39444,1
39445,7
39446,7
39447,1
39448,3
39449,4
39450,0
39451,6
39452,0
39453,2
39454,5
39455,7
39456,5
39457,3
39458,3
39459,4
39460,9
39461,2
39462,1
39463,8
39464,9
39465,6
39466,8
39467,1
39468,9
39469,6
39470,8
39471,0
39472,5
39473,3
39474,6
39475,6
39476,6
39477,7
39478,4
39479,3
39480,8
39481,1
39482,0
39483,3
39484,8
39485,1
39486,3
39487,5
39488,5
39489,3
39490,9
39491,6
39492,2
39493,3
39494,7
39495,0
39496,5
39497,5
39498,2
39499,2
39500,4
39501,6
39502,3
39503,6
39504,2
39505,2
39506,3
39507,7
39508,4
39509,8
39510,9
39511,1
39512,2
39513,1
39514,1
39515,4
39516,4
39517,6
39518,0
39519,7
39520,1
39521,2
39522,7
39523,2
39524,5
39525,5
39526,4
39527,5
39528,3
39529,9
39530,8
39531,7
39532,7
39533,5
39534,8
39535,5
39536,2
39537,7
39538,5
39539,7
39540,1
39541,1
39542,8
39543,2
39544,9
39545,5
39546,0
39547,7
39548,9
39549,2
39550,9
39551,4
39552,1
39553,3
39554,1
39555,6
39556,4
39557,6
39558,7
39559,3
39560,8
39561,8
39562,8
39563,7
39564,7
39565,8
39566,8
39567,1
39568,8
39569,8
39570,1
39571,8
39572,2
39573,0
39574,4
39575,4
39576,3
39577,2
39578,6
39579,9
39580,2
39581,0
39582,1
39583,1
39584,0
39585,8
39586,8
39587,2
39588,9
39589,4
39590,2
39591,2
39592,6
39593,3
39594,1
39595,0
39596,9
39597,3
39598,6
39599,2
39600,9
39601,7
39602,5
39603,0
39604,5
39605,7
39606,8
39607,0
39608,7
39609,5
39610,2
39611,7
39612,8
39613,3
39614,7
39615,0
39616,8
39617,2
39618,7
39619,2
39620,3
39621,2
39622,7
39623,8
39624,9
39625,8
39626,8
39627,9
39628,4
39629,6
39630,6
39631,8
39632,3
39633,3
39634,1
39635,5
39636,5
39637,6
39638,9
39639,7
39640,7
39641,3
39642,5
39643,3
39644,9
39645,6
39646,0
39647,0
39648,5
39649,6
39650,1
39651,3
39652,2
39653,4
39654,4
39655,9
39656,9
39657,6
39658,5
39659,1
39660,4
39661,4
39662,5
39663,1
39664,9
39665,8
39666,1
39667,5
39668,6
39669,0
39670,4
39671,0
39672,1
39673,5
39674,3
39675,7
39676,0
39677,9
39678,1
39679,7
39680,9
39681,7
39682,8
39683,6
39684,7
39685,5
39686,2
39687,8
39688,8
39689,8
39690,0
39691,4
39692,2
39693,8
39694,5
39695,4
39696,8
39697,3
39698,6
39699,7
39700,5
39701,4
39702,5
39703,0
39704,9
39705,0
39706,1
39707,0
39708,9
39709,2
39710,2
39711,0
39712,9
39713,5
39714,7
39715,0
39716,1
39717,4
39718,5
39719,4
39720,1
39721,5
39722,0
39723,7
39724,5
39725,4
39726,3
39727,4
39728,6
39729,2
39730,0
39731,7
39732,0
39733,3
39734,1
39735,5
39736,9
39737,5
39738,1
39739,0
39740,8
39741,9
39742,7
39743,6
39744,5
39745,0
39746,0
39747,9
39748,5
39749,7
39750,9
39751,0
39752,9
39753,1
39754,2
39755,0
39756,0
39757,5
39758,8
39759,2
39760,9
39761,1
39762,8
39763,2
39764,8
39765,3
39766,4
39767,7
39768,9
39769,1
39770,0
39771,7
39772,8
39773,0
39774,6
39775,3
39776,6
39777,5
39778,3
39779,2
39780,2
39781,9
39782,1
39783,8
39784,5
39785,8
39786,5
39787,3
39788,9
39789,0
39790,8
39791,5
39792,8
39793,7
39794,8
39795,9
39796,1
39797,2
39798,6
39799,7
39800,5
39801,2
39802,1
39803,8
39804,2
39805,0
39806,0
39807,1
39808,1
39809,7
39810,5
39811,0
39812,2
39813,1
39814,9
39815,0
39816,3
39817,1
39818,7
39819,2
39820,7
39821,2
39822,1
39823,7
39824,0
39825,1
39826,1
39827,3
39828,2
39829,4
39830,3
39831,8
39832,5
39833,5
39834,9
39835,1
39836,8
39837,7
39838,9
39839,4
39840,9
39841,8
39842,8
39843,2
39844,1
39845,8
39846,8
39847,2
39848,2
39849,4
39850,9
39851,8
39852,7
39853,8
39854,4
39855,5
39856,1
39857,8
39858,9
39859,1
39860,1
39861,5
39862,9
39863,8
39864,9
39865,8
39866,5
39867,9
39868,3
39869,8
39870,6
39871,2
39872,1
39873,5
39874,6
39875,7
39876,4
39877,7
39878,9
39879,5
39880,3
39881,4
39882,0
39883,5
39884,0
39885,1
39886,5
39887,3
39888,3
39889,8
39890,6
39891,4
39892,3
39893,2
39894,4
39895,0
39896,2
39897,1
39898,4
39899,7
39900,0
39901,3
39902,0
39903,8
39904,9
39905,8
39906,0
39907,6
39908,5
39909,9
39910,2
39911,9
39912,7
39913,4
39914,2
39915,8
39916,9
39917,0
39918,9
39919,8
39920,2
39921,3
39922,2
39923,3
39924,1
39925,7
39926,2
39927,3
39928,0
39929,3
39930,7
39931,8
39932,3
39933,9
39934,6
39935,2
39936,7
39937,4
39938,4
39939,7
39940,2
39941,9
39942,0
39943,6
39944,1
39945,1
39946,1
39947,7
39948,1
39949,4
39950,5
39951,9
39952,6
39953,0
39954,6
39955,1
39956,5
39957,4
39958,2
39959,9
39960,2
39961,4
39962,8
39963,2
39964,8
39965,3
39966,5
39967,6
39968,2
39969,6
39970,6
39971,5
39972,7
39973,7
39974,6
39975,7
39976,7
39977,1
39978,2
39979,6
39980,9
39981,8
39982,9
39983,3
39984,5
39985,0
39986,2
39987,4
39988,6
39989,6
39990,2
39991,6
39992,4
39993,5
39994,1
39995,7
39996,8
39997,8
39998,0
39999,2
40000,7
